peak_id,chrom,start,end,nearest_gene,dist_to_tss_signed,gbm_tags,n_cohorts,n_patients_detected,n_patients_accessible_10pct,consistency,strength_mean,strength_max_nonmalignant,selectivity_vs_nonmal,aav_score
chr11:17405115-17405614,chr11,17405115,17405614,KCNJ11,16018,,5,18,13,0.7222222222222222,0.19073941,0.08332753,2.2890322,0.5633293240886144
chr3:185216514-185217013,chr3,185216514,185217013,MIR5588,-36509,,6,28,13,0.4642857142857143,0.1387234,0.0661286,2.0977824,0.5364841453053735
chr5:38783310-38783809,chr5,38783310,38783809,OSMR-AS1,-62270,,6,31,13,0.41935483870967744,0.109456226,0.051987376,2.1054385,0.5286561069895357
chr5:36569527-36570026,chr5,36569527,36570026,SLC1A3,-36578,Neftel AC-like,6,26,12,0.46153846153846156,0.11588345,0.055969793,2.0704641,0.5214539350537987
chr6:158481480-158481979,chr6,158481480,158481979,TMEM181,-54910,,5,25,13,0.52,0.13737382,0.06600339,2.0813146,0.5105808492113244
chr5:38796426-38796925,chr5,38796426,38796925,OSMR-AS1,-49154,,4,13,9,0.6923076923076923,0.17774801,0.07239116,2.4553828,0.4987789467133425
chr5:14157006-14157505,chr5,14157006,14157505,TRIO,13914,,6,28,10,0.35714285714285715,0.12709096,0.06305058,2.0156984,0.49542639621279455
chr3:132135945-132136444,chr3,132135945,132136444,CPNE4,96588,,5,25,10,0.4,0.17294112,0.057255905,3.020494,0.4897820015658032
chr5:150036471-150036970,chr5,150036471,150036970,HMGXB3,35982,,6,25,9,0.36,0.123503104,0.05189652,2.3797956,0.48753391968797555
chr14:101001204-101001703,chr14,101001204,101001703,SNORD114-31,8218,,4,11,7,0.6363636363636364,0.21746728,0.07170837,3.0326626,0.4867106706581332
chr6:25193184-25193683,chr6,25193184,25193683,CMAHP,55041,,6,26,9,0.34615384615384615,0.0982004,0.03992758,2.459463,0.48336768967288357
chr16:70714761-70715260,chr16,70714761,70715260,MTSS2,28957,,5,26,10,0.38461538461538464,0.15821165,0.061782718,2.560775,0.4791011564746186
chrX:153381490-153381989,chrX,153381490,153381989,PNMA6E,-19611,,5,22,10,0.45454545454545453,0.14685443,0.06507779,2.2565982,0.4785607711496678
chr9:84284351-84284850,chr9,84284351,84284850,SLC28A3,-84127,,4,6,4,0.6666666666666666,0.18654872,0.054420974,3.427883,0.47433405263405853
chr1:204057279-204057778,chr1,204057279,204057778,SOX13,-15586,,5,23,10,0.43478260869565216,0.13391267,0.059654657,2.2447982,0.4734238758786276
chr5:136279006-136279505,chr5,136279006,136279505,TRPC7-AS2,52601,,5,23,10,0.43478260869565216,0.12861988,0.061081044,2.105725,0.47027922422724516
chrX:153744307-153744806,chrX,153744307,153744806,PLXNB3,-19639,,6,24,8,0.3333333333333333,0.12591846,0.05950438,2.116121,0.47018308488257
chr18:3622302-3622801,chr18,3622302,3622801,DLGAP1-AS2,18815,,6,26,8,0.3076923076923077,0.105813235,0.048160937,2.1970758,0.4674929118812918
chr9:21576494-21576993,chr9,21576494,21576993,MIR31HG,16945,,6,24,8,0.3333333333333333,0.071526736,0.028589813,2.501826,0.4650903131587035
chr3:155572164-155572663,chr3,155572164,155572663,PLCH1-AS2,86611,,6,26,7,0.2692307692307692,0.14697114,0.06276142,2.3417435,0.4644329688036358
chr9:127130806-127131305,chr9,127130806,127131305,ANGPTL2,8420,,4,12,7,0.5833333333333334,0.24790385,0.11964412,2.0720103,0.4643730492528641
chr9:18490562-18491061,chr9,18490562,18491061,ADAMTSL1,16659,,5,25,9,0.36,0.094165355,0.029910304,3.148258,0.46194330806623807
chr22:41636385-41636884,chr22,41636385,41636884,XRCC6,15472,,5,27,10,0.37037037037037035,0.10898659,0.052879404,2.0610404,0.46131982713536385
chr6:21538410-21538909,chr6,21538410,21538909,LINC00581,26767,,5,26,10,0.38461538461538464,0.10328685,0.049474917,2.0876608,0.46101948584762065
chr6:4974542-4975041,chr6,4974542,4975041,LYRM4-AS1,-29024,,4,6,4,0.6666666666666666,0.17326935,0.0661668,2.618675,0.45954005314093643
chr11:94706189-94706688,chr11,94706189,94706688,LOC105369438,-33917,,6,26,7,0.2692307692307692,0.10691734,0.04248335,2.516688,0.4590463778459942
chr20:4226127-4226626,chr20,4226127,4226626,ADRA1D,-22911,,5,25,9,0.36,0.14813702,0.06749765,2.194699,0.4584342541057955
chr20:46558452-46558951,chr20,46558452,46558951,OCSTAMP,8047,,5,22,9,0.4090909090909091,0.11870795,0.050703816,2.3412035,0.45829145891422574
chr9:20558627-20559126,chr9,20558627,20559126,MIR4474,56534,,6,25,8,0.32,0.07280091,0.03614426,2.0141764,0.4579091925654899
chr18:3624813-3625312,chr18,3624813,3625312,DLGAP1-AS2,21326,,5,25,9,0.36,0.11350095,0.0456773,2.4848437,0.45585921237956395
chr1:100785401-100785900,chr1,100785401,100785900,VCAM1,66011,,5,22,9,0.4090909090909091,0.11558083,0.05223238,2.2128193,0.45574027580971066
chr18:23115541-23116040,chr18,23115541,23116040,CABLES1,-18773,,5,23,9,0.391304347826087,0.13149257,0.06555956,2.0056963,0.45413593623360154
chr5:31663318-31663817,chr5,31663318,31663817,PDZD2,24437,,6,28,7,0.25,0.08464677,0.040496755,2.0902112,0.45055524998090485
chr11:35180252-35180751,chr11,35180252,35180751,SNORD164,17552,,6,26,7,0.2692307692307692,0.08364831,0.039187673,2.1345568,0.4486606019073641
chr5:14105773-14106272,chr5,14105773,14106272,TRIO,-37319,,6,26,7,0.2692307692307692,0.07169036,0.032422148,2.211154,0.44741796892969965
chr5:74543052-74543551,chr5,74543052,74543551,LINC01331,6325,,5,23,8,0.34782608695652173,0.15440005,0.069025,2.2368712,0.44696766605578625
chr14:68779943-68780442,chr14,68779943,68780442,ZFP36L1,-16051,,4,24,10,0.4166666666666667,0.121633306,0.04277775,2.8433778,0.4469015738390612
chr5:136279524-136280023,chr5,136279524,136280023,TRPC7-AS2,53119,,4,22,10,0.45454545454545453,0.13330571,0.055628717,2.396347,0.44669725867834953
chr12:50247266-50247765,chr12,50247266,50247765,MIR1293,13303,,5,22,8,0.36363636363636365,0.14107032,0.060990743,2.3129792,0.4464314828880808
chr14:61547139-61547638,chr14,61547139,61547638,FLJ22447,-23151,,5,27,9,0.3333333333333333,0.09921178,0.04911632,2.0199351,0.4457853242190498
chr14:77843090-77843589,chr14,77843090,77843589,ADCK1,43231,,6,23,6,0.2608695652173913,0.12127934,0.04918926,2.4655654,0.4445891529586711
chr5:95720291-95720790,chr5,95720291,95720790,RHOBTB3,-10795,,6,25,7,0.28,0.057939615,0.02596561,2.231398,0.4441952604014765
chr1:205600058-205600557,chr1,205600058,205600557,MFSD4A-AS1,31002,,5,24,7,0.2916666666666667,0.14462617,0.04690317,3.0835052,0.44260205537306535
chr16:83813811-83814310,chr16,83813811,83814310,HSBP1,6083,,4,10,6,0.6,0.14131741,0.06334038,2.2310793,0.4421842187507586
chr13:53191004-53191503,chr13,53191004,53191503,LINC01065,39353,,5,25,8,0.32,0.093279585,0.0344878,2.7047126,0.4411129715402018
chr9:88742386-88742885,chr9,88742386,88742885,MIR4289,-3270,,6,24,6,0.25,0.12613127,0.05976379,2.1104965,0.44097461300817403
chr1:245085415-245085914,chr1,245085415,245085914,KIF26B,-69320,,5,23,8,0.34782608695652173,0.13397306,0.064817816,2.0669172,0.4403329556991931
chr1:12040526-12041025,chr1,12040526,12041025,MIR6729,11618,,5,25,7,0.28,0.14154167,0.04865012,2.9093797,0.43983539484034884
chr6:14165065-14165564,chr6,14165065,14165564,CD83,48059,,6,26,6,0.23076923076923078,0.07859358,0.032077897,2.4500852,0.4389210438238574
chr19:2603301-2603800,chr19,2603301,2603800,MIR7850,-27164,,5,25,8,0.32,0.13131706,0.06485125,2.0248966,0.43852322795580734
