peak_id,chrom,start,end,nearest_gene,dist_to_tss_signed,gbm_tags,n_cohorts,n_patients_detected,n_patients_accessible_10pct,consistency,strength_mean,strength_median,replicable_score,chr7_cnv_flag,cloning_rec
chr5:41903925-41904424,chr5,41903925,41904424,C5orf51,-169,,6,32,30,0.9375,0.4565386,0.43147781,0.839593254955429,0,"promoter-proximal (≤2 kb from TSS) — may act as promoter, not distal enhancer; ✅ STRONG cloning candidate"
chr19:11435244-11435743,chr19,11435244,11435743,PRKCSH,237,,6,32,30,0.9375,0.417832,0.41155708,0.8357225926536502,0,"promoter-proximal (≤2 kb from TSS) — may act as promoter, not distal enhancer; ✅ STRONG cloning candidate"
chr19:4791326-4791825,chr19,4791326,4791825,FEM1A,-158,,6,31,28,0.9032258064516129,0.4889991,0.5019273,0.8230690218034844,0,"promoter-proximal (≤2 kb from TSS) — may act as promoter, not distal enhancer; ✅ STRONG cloning candidate"
chr9:34048977-34049476,chr9,34048977,34049476,UBAP2,27,,6,32,29,0.90625,0.38235238,0.38230777,0.8196746336239757,0,"promoter-proximal (≤2 kb from TSS) — may act as promoter, not distal enhancer; ✅ STRONG cloning candidate"
chr2:676903-677402,chr2,676903,677402,TMEM18,-254,,6,28,26,0.9285714285714286,0.5196243,0.5940006,0.8180879726457647,0,"promoter-proximal (≤2 kb from TSS) — may act as promoter, not distal enhancer; ✅ STRONG cloning candidate"
chr19:4471666-4472165,chr19,4471666,4472165,HDGFL2,-381,,6,32,28,0.875,0.48712543,0.5190735,0.8176519380825938,0,"promoter-proximal (≤2 kb from TSS) — may act as promoter, not distal enhancer; ✅ STRONG cloning candidate"
chr6:52284779-52285278,chr6,52284779,52285278,MCM3,286,,6,32,29,0.90625,0.3278353,0.28182548,0.814222924591917,0,"promoter-proximal (≤2 kb from TSS) — may act as promoter, not distal enhancer; ✅ STRONG cloning candidate"
chr7:121396124-121396623,chr7,121396124,121396623,FAM3C,5,,6,31,28,0.9032258064516129,0.3927806,0.38080606,0.8134471706572632,1,"⚠️ chr7 — CNV-driven signal possible, re-check in CNV-matched reference; promoter-proximal (≤2 kb from TSS) — may act as promoter, not distal enhancer; 👍 solid cloning candidate"
chr5:32312785-32313284,chr5,32312785,32313284,MTMR12,95,,6,30,27,0.9,0.45616683,0.41552553,0.8124348644370383,0,"promoter-proximal (≤2 kb from TSS) — may act as promoter, not distal enhancer; ✅ STRONG cloning candidate"
chr19:12551392-12551891,chr19,12551392,12551891,ZNF564,159,,6,31,28,0.9032258064516129,0.36779007,0.34278375,0.8109481192651848,0,"promoter-proximal (≤2 kb from TSS) — may act as promoter, not distal enhancer; ✅ STRONG cloning candidate"
chr12:56360024-56360523,chr12,56360024,56360523,STAT2,166,,6,31,28,0.9032258064516129,0.3656532,0.35915405,0.8107344291630845,0,"promoter-proximal (≤2 kb from TSS) — may act as promoter, not distal enhancer; ✅ STRONG cloning candidate"
chr5:43313456-43313955,chr5,43313456,43313955,HMGCS1,293,,6,28,26,0.9285714285714286,0.42909685,0.3844451,0.809035226647859,0,"promoter-proximal (≤2 kb from TSS) — may act as promoter, not distal enhancer; ✅ STRONG cloning candidate"
chr12:53625904-53626403,chr12,53625904,53626403,ATF7-NPFF,-229,,6,31,28,0.9032258064516129,0.34404853,0.3195036,0.808573965680943,0,"promoter-proximal (≤2 kb from TSS) — may act as promoter, not distal enhancer; ✅ STRONG cloning candidate"
chr9:35072535-35073034,chr9,35072535,35073034,VCP,116,,6,32,28,0.875,0.35125408,0.32927978,0.804064802261013,0,"promoter-proximal (≤2 kb from TSS) — may act as promoter, not distal enhancer; ✅ STRONG cloning candidate"
chr5:271275-271774,chr5,271275,271774,HRAT5,0,,6,32,28,0.875,0.34396616,0.3164301,0.8033360088187637,0,"promoter-proximal (≤2 kb from TSS) — may act as promoter, not distal enhancer; ✅ STRONG cloning candidate"
chr9:6681455-6681954,chr9,6681455,6681954,GLDC,35975,,6,30,27,0.9,0.3546342,0.3843998,0.8022816006297415,0,distal enhancer candidate (+36 kb from GLDC TSS); ✅ STRONG cloning candidate
chr18:9334469-9334968,chr18,9334469,9334968,TWSG1,-54,,6,32,28,0.875,0.32361877,0.3616206,0.801301270158905,0,"promoter-proximal (≤2 kb from TSS) — may act as promoter, not distal enhancer; ✅ STRONG cloning candidate"
chr5:34929238-34929737,chr5,34929238,34929737,DNAJC21,-71,,6,31,27,0.8709677419354839,0.39891958,0.39044267,0.8011578428896757,0,"promoter-proximal (≤2 kb from TSS) — may act as promoter, not distal enhancer; ✅ STRONG cloning candidate"
chr19:1490774-1491273,chr19,1490774,1491273,REEP6,-157,,6,28,25,0.8928571428571429,0.46619958,0.4900642,0.7984597860154136,0,"promoter-proximal (≤2 kb from TSS) — may act as promoter, not distal enhancer; ✅ STRONG cloning candidate"
chr21:29073522-29074021,chr21,29073522,29074021,CCT8,-26,,6,32,28,0.875,0.28960943,0.28078932,0.7979003371614398,0,"promoter-proximal (≤2 kb from TSS) — may act as promoter, not distal enhancer; ✅ STRONG cloning candidate"
chr6:18155014-18155513,chr6,18155014,18155513,TPMT,94,,6,29,26,0.896551724137931,0.3678357,0.3821078,0.7961618376991156,0,"promoter-proximal (≤2 kb from TSS) — may act as promoter, not distal enhancer; ✅ STRONG cloning candidate"
chr9:34328793-34329292,chr9,34328793,34329292,KIF24,-226,,6,29,26,0.896551724137931,0.35446465,0.34979457,0.7948247304281596,0,"promoter-proximal (≤2 kb from TSS) — may act as promoter, not distal enhancer; ✅ STRONG cloning candidate"
chr6:53348809-53349308,chr6,53348809,53349308,ELOVL5,-121,,6,28,26,0.9285714285714286,0.28067344,0.21708903,0.7941928859251789,0,"promoter-proximal (≤2 kb from TSS) — may act as promoter, not distal enhancer; ✅ STRONG cloning candidate"
chr9:4792504-4793003,chr9,4792504,4793003,RCL1,-80,,6,31,27,0.8709677419354839,0.32833642,0.32763872,0.7940995279105993,0,"promoter-proximal (≤2 kb from TSS) — may act as promoter, not distal enhancer; ✅ STRONG cloning candidate"
chr18:9475045-9475544,chr18,9475045,9475544,RALBP1,-218,,6,30,26,0.8666666666666667,0.39729953,0.39181018,0.7932148012970434,0,"promoter-proximal (≤2 kb from TSS) — may act as promoter, not distal enhancer; ✅ STRONG cloning candidate"
chr9:92764660-92765159,chr9,92764660,92765159,BICD2,76,,6,26,24,0.9230769230769231,0.399782,0.41045594,0.7917847292389208,0,"promoter-proximal (≤2 kb from TSS) — may act as promoter, not distal enhancer; ✅ STRONG cloning candidate"
chr6:5003513-5004012,chr6,5003513,5004012,LYRM4-AS1,-53,,6,32,27,0.84375,0.34839788,0.32960522,0.7912791842538299,0,"promoter-proximal (≤2 kb from TSS) — may act as promoter, not distal enhancer; ✅ STRONG cloning candidate"
chr1:241519497-241519996,chr1,241519497,241519996,FH,-9,,6,31,27,0.8709677419354839,0.29424158,0.27659574,0.7906900435092541,0,"promoter-proximal (≤2 kb from TSS) — may act as promoter, not distal enhancer; ✅ STRONG cloning candidate"
chr5:44808506-44809005,chr5,44808506,44809005,MRPS30-DT,-38,,6,33,28,0.8484848484848485,0.25964576,0.20245457,0.7903585161449331,0,"promoter-proximal (≤2 kb from TSS) — may act as promoter, not distal enhancer; ✅ STRONG cloning candidate"
chr5:34007799-34008298,chr5,34007799,34008298,AMACR,-2,,6,31,27,0.8709677419354839,0.29022577,0.2476868,0.7902884628030153,0,"promoter-proximal (≤2 kb from TSS) — may act as promoter, not distal enhancer; ✅ STRONG cloning candidate"
chr19:4247254-4247753,chr19,4247254,4247753,YJU2,424,,6,30,26,0.8666666666666667,0.36684826,0.34785563,0.7901696745012746,0,"promoter-proximal (≤2 kb from TSS) — may act as promoter, not distal enhancer; ✅ STRONG cloning candidate"
chr19:4342861-4343360,chr19,4342861,4343360,MPND,-416,,6,29,25,0.8620689655172413,0.43448538,0.43273714,0.7890336995525918,0,"promoter-proximal (≤2 kb from TSS) — may act as promoter, not distal enhancer; ✅ STRONG cloning candidate"
chr19:4342311-4342810,chr19,4342311,4342810,MPND,-966,,6,29,25,0.8620689655172413,0.43448538,0.43273714,0.7890336995525918,0,"promoter-proximal (≤2 kb from TSS) — may act as promoter, not distal enhancer; ✅ STRONG cloning candidate"
chr19:2841030-2841529,chr19,2841030,2841529,ZNF555,-195,,6,31,26,0.8387096774193549,0.4022882,0.40425533,0.7885914801837529,0,"promoter-proximal (≤2 kb from TSS) — may act as promoter, not distal enhancer; ✅ STRONG cloning candidate"
chr9:34329324-34329823,chr9,34329324,34329823,NUDT2,68,,6,30,26,0.8666666666666667,0.34836027,0.35441172,0.788320876256083,0,"promoter-proximal (≤2 kb from TSS) — may act as promoter, not distal enhancer; ✅ STRONG cloning candidate"
chr7:44606635-44607134,chr7,44606635,44607134,OGDH,258,,5,27,26,0.9629629629629629,0.5168737,0.51652676,0.7880089198072953,1,"⚠️ chr7 — CNV-driven signal possible, re-check in CNV-matched reference; promoter-proximal (≤2 kb from TSS) — may act as promoter, not distal enhancer; 👍 solid cloning candidate"
chr7:151028174-151028673,chr7,151028174,151028673,ABCB8,2,,5,28,27,0.9642857142857143,0.43767136,0.45322812,0.7866783910015702,1,"⚠️ chr7 — CNV-driven signal possible, re-check in CNV-matched reference; promoter-proximal (≤2 kb from TSS) — may act as promoter, not distal enhancer; 👍 solid cloning candidate"
chr5:5422405-5422904,chr5,5422405,5422904,ICE1,-22,,6,29,25,0.8620689655172413,0.41026792,0.40910828,0.7866119553847871,0,"promoter-proximal (≤2 kb from TSS) — may act as promoter, not distal enhancer; ✅ STRONG cloning candidate"
chr11:3797305-3797804,chr11,3797305,3797804,NUP98,0,,5,28,27,0.9642857142857143,0.43610978,0.47536403,0.7865222342828393,0,"promoter-proximal (≤2 kb from TSS) — may act as promoter, not distal enhancer; ✅ STRONG cloning candidate"
chr19:49766742-49767241,chr19,49766742,49767241,AP2A1,-9,,5,27,26,0.9629629629629629,0.50158274,0.5515115,0.7864798222502274,0,"promoter-proximal (≤2 kb from TSS) — may act as promoter, not distal enhancer; ✅ STRONG cloning candidate"
chr5:43483630-43484129,chr5,43483630,43484129,TMEM267,-508,,6,32,27,0.84375,0.28999326,0.227305,0.7854387206900301,0,"promoter-proximal (≤2 kb from TSS) — may act as promoter, not distal enhancer; ✅ STRONG cloning candidate"
chr5:55994785-55995284,chr5,55994785,55995284,IL6ST,71,,6,29,25,0.8620689655172413,0.39597288,0.37865093,0.7851824497385583,0,"promoter-proximal (≤2 kb from TSS) — may act as promoter, not distal enhancer; ✅ STRONG cloning candidate"
chr19:49766191-49766690,chr19,49766191,49766690,AP2A1,-560,,5,27,26,0.9629629629629629,0.48141176,0.510955,0.7844627265652222,0,"promoter-proximal (≤2 kb from TSS) — may act as promoter, not distal enhancer; ✅ STRONG cloning candidate"
chr5:5421813-5422312,chr5,5421813,5422312,ICE1,-614,,6,29,25,0.8620689655172413,0.3880117,0.36178344,0.7843863328500352,0,"promoter-proximal (≤2 kb from TSS) — may act as promoter, not distal enhancer; ✅ STRONG cloning candidate"
chr5:38556513-38557012,chr5,38556513,38557012,LIFR-AS1,-23,,6,30,26,0.8666666666666667,0.30683532,0.30331123,0.7841683808420644,0,"promoter-proximal (≤2 kb from TSS) — may act as promoter, not distal enhancer; ✅ STRONG cloning candidate"
chr19:6393271-6393770,chr19,6393271,6393770,LOC390877,-248,,6,31,26,0.8387096774193549,0.3543889,0.35728532,0.7838015503467645,0,"promoter-proximal (≤2 kb from TSS) — may act as promoter, not distal enhancer; ✅ STRONG cloning candidate"
chr18:13726076-13726575,chr18,13726076,13726575,FAM210A,-233,,6,30,26,0.8666666666666667,0.3026241,0.28240126,0.7837472591255651,0,"promoter-proximal (≤2 kb from TSS) — may act as promoter, not distal enhancer; ✅ STRONG cloning candidate"
chr2:86623609-86624108,chr2,86623609,86624108,RNF103,-19,,6,32,27,0.84375,0.2720364,0.24708688,0.7836430339086237,0,"promoter-proximal (≤2 kb from TSS) — may act as promoter, not distal enhancer; ✅ STRONG cloning candidate"
chr6:19804594-19805093,chr6,19804594,19805093,LNC-LBCS,84,,6,31,26,0.8387096774193549,0.34574056,0.34074074,0.7829367167533959,0,"promoter-proximal (≤2 kb from TSS) — may act as promoter, not distal enhancer; ✅ STRONG cloning candidate"
chr7:66205063-66205562,chr7,66205063,66205562,TPST1,-21,,6,28,24,0.8571428571428571,0.44368187,0.491347,0.7819223013823424,1,"⚠️ chr7 — CNV-driven signal possible, re-check in CNV-matched reference; promoter-proximal (≤2 kb from TSS) — may act as promoter, not distal enhancer; 👍 solid cloning candidate"
chr19:4007260-4007759,chr19,4007260,4007759,PIAS4,-226,,6,32,26,0.8125,0.37524444,0.43748966,0.7814638370591583,0,"promoter-proximal (≤2 kb from TSS) — may act as promoter, not distal enhancer; ✅ STRONG cloning candidate"
chr6:11093529-11094028,chr6,11093529,11094028,SMIM13,-55,,6,31,26,0.8387096774193549,0.32824236,0.28505278,0.7811868957461442,0,"promoter-proximal (≤2 kb from TSS) — may act as promoter, not distal enhancer; ✅ STRONG cloning candidate"
chr1:42846341-42846840,chr1,42846341,42846840,ZNF691,18,,6,32,27,0.84375,0.24512313,0.23552725,0.7809517072457256,0,"promoter-proximal (≤2 kb from TSS) — may act as promoter, not distal enhancer; ✅ STRONG cloning candidate"
chr7:120950388-120950887,chr7,120950388,120950887,ING3,-139,,5,27,26,0.9629629629629629,0.4439927,0.44360065,0.7807208214720291,1,"⚠️ chr7 — CNV-driven signal possible, re-check in CNV-matched reference; promoter-proximal (≤2 kb from TSS) — may act as promoter, not distal enhancer; 👍 solid cloning candidate"
chr6:13814259-13814758,chr6,13814259,13814758,MCUR1,-52,,6,31,26,0.8387096774193549,0.32188174,0.31693,0.7805508322300042,0,"promoter-proximal (≤2 kb from TSS) — may act as promoter, not distal enhancer; ✅ STRONG cloning candidate"
chr17:27332749-27333248,chr17,27332749,27333248,WSB1,38885,,6,29,25,0.8620689655172413,0.3471531,0.3272727,0.7803004717035852,0,distal enhancer candidate (+39 kb from WSB1 TSS); ✅ STRONG cloning candidate
chr1:202926941-202927440,chr1,202926941,202927440,KLHL12,-1409,,6,33,27,0.8181818181818182,0.27998236,0.29144117,0.7802709642120382,0,"promoter-proximal (≤2 kb from TSS) — may act as promoter, not distal enhancer; ✅ STRONG cloning candidate"
chr5:36151693-36152192,chr5,36151693,36152192,LMBRD2,55,,6,31,26,0.8387096774193549,0.3189102,0.2582053,0.7802536807240571,0,"promoter-proximal (≤2 kb from TSS) — may act as promoter, not distal enhancer; ✅ STRONG cloning candidate"
chr6:3118370-3118869,chr6,3118370,3118869,BPHL,244,,6,32,26,0.8125,0.36081976,0.3481769,0.7800213711279812,0,"promoter-proximal (≤2 kb from TSS) — may act as promoter, not distal enhancer; ✅ STRONG cloning candidate"
chr5:8457253-8457752,chr5,8457253,8457752,LINC02226,-62,,6,31,26,0.8387096774193549,0.31473786,0.24749383,0.7798364444853391,0,"promoter-proximal (≤2 kb from TSS) — may act as promoter, not distal enhancer; ✅ STRONG cloning candidate"
chr7:99504687-99505186,chr7,99504687,99505186,ZKSCAN5,275,,5,28,26,0.9285714285714286,0.5081642,0.5542679,0.7794419653165392,1,"⚠️ chr7 — CNV-driven signal possible, re-check in CNV-matched reference; promoter-proximal (≤2 kb from TSS) — may act as promoter, not distal enhancer; 👍 solid cloning candidate"
chr9:19049096-19049595,chr9,19049096,19049595,SAXO1,-9,,6,30,26,0.8666666666666667,0.25893554,0.21482222,0.7793784025763021,0,"promoter-proximal (≤2 kb from TSS) — may act as promoter, not distal enhancer; ✅ STRONG cloning candidate"
chr7:135662179-135662678,chr7,135662179,135662678,STMP1,-85,,6,32,26,0.8125,0.3531334,0.3408199,0.7792527357059899,1,"⚠️ chr7 — CNV-driven signal possible, re-check in CNV-matched reference; promoter-proximal (≤2 kb from TSS) — may act as promoter, not distal enhancer; 👍 solid cloning candidate"
chr5:108748488-108748987,chr5,108748488,108748987,FER,841,,5,29,27,0.9310344827586207,0.4311404,0.40195987,0.7787854089079544,0,"promoter-proximal (≤2 kb from TSS) — may act as promoter, not distal enhancer; ✅ STRONG cloning candidate"
chr1:147172368-147172867,chr1,147172368,147172867,CHD1L,-129,,6,31,26,0.8387096774193549,0.30355626,0.3191559,0.7787182855637397,0,"promoter-proximal (≤2 kb from TSS) — may act as promoter, not distal enhancer; ✅ STRONG cloning candidate"
chr6:2245503-2246002,chr6,2245503,2246002,GMDS-DT,0,,6,31,26,0.8387096774193549,0.30140725,0.27561602,0.7785033847422923,0,"promoter-proximal (≤2 kb from TSS) — may act as promoter, not distal enhancer; ✅ STRONG cloning candidate"
chr16:29973480-29973979,chr16,29973480,29973979,TAOK2,-138,,6,32,26,0.8125,0.3440017,0.38780135,0.7783395664709988,0,"promoter-proximal (≤2 kb from TSS) — may act as promoter, not distal enhancer; ✅ STRONG cloning candidate"
chr18:12947642-12948141,chr18,12947642,12948141,SEH1L,-92,,6,28,24,0.8571428571428571,0.4078366,0.4600701,0.7783377711778079,0,"promoter-proximal (≤2 kb from TSS) — may act as promoter, not distal enhancer; ✅ STRONG cloning candidate"
chr18:13726680-13727179,chr18,13726680,13727179,RNMT,257,,6,31,26,0.8387096774193549,0.29589763,0.2723567,0.7779524217577304,0,"promoter-proximal (≤2 kb from TSS) — may act as promoter, not distal enhancer; ✅ STRONG cloning candidate"
chr18:12990960-12991459,chr18,12990960,12991459,CEP192,-152,,6,32,26,0.8125,0.33976012,0.3154836,0.7779154086429062,0,"promoter-proximal (≤2 kb from TSS) — may act as promoter, not distal enhancer; ✅ STRONG cloning candidate"
chr9:35814803-35815302,chr9,35814803,35815302,HINT2,10,,6,32,26,0.8125,0.33584598,0.2907346,0.7775239923912468,0,"promoter-proximal (≤2 kb from TSS) — may act as promoter, not distal enhancer; ✅ STRONG cloning candidate"
chr16:18801307-18801806,chr16,18801307,18801806,ARL6IP1,7,,6,30,25,0.8333333333333334,0.37134197,0.39150554,0.7772857117607739,0,"promoter-proximal (≤2 kb from TSS) — may act as promoter, not distal enhancer; ✅ STRONG cloning candidate"
chr18:12884118-12884617,chr18,12884118,12884617,PTPN2,32,,6,29,25,0.8620689655172413,0.31206572,0.27912575,0.776791734392818,0,"promoter-proximal (≤2 kb from TSS) — may act as promoter, not distal enhancer; ✅ STRONG cloning candidate"
chr7:55365639-55366138,chr7,55365639,55366138,LANCL2,552,,5,26,25,0.9615384615384616,0.47030744,0.4101315,0.77672188540265,1,"⚠️ chr7 — CNV-driven signal possible, re-check in CNV-matched reference; promoter-proximal (≤2 kb from TSS) — may act as promoter, not distal enhancer; 👍 solid cloning candidate"
chr11:66958223-66958722,chr11,66958223,66958722,PC,89,,6,28,24,0.8571428571428571,0.39138314,0.41694945,0.7766924259369765,0,"promoter-proximal (≤2 kb from TSS) — may act as promoter, not distal enhancer; ✅ STRONG cloning candidate"
chr6:37102535-37103034,chr6,37102535,37103034,PIM1,-67367,,6,32,26,0.8125,0.32444394,0.31640404,0.7763837890643063,0,distal enhancer candidate (-67 kb from PIM1 TSS); ✅ STRONG cloning candidate
chr19:6199581-6200080,chr19,6199581,6200080,ACSBG2,64198,,6,30,25,0.8333333333333334,0.36226508,0.38332468,0.7763780224278118,0,distal enhancer candidate (+64 kb from ACSBG2 TSS); ✅ STRONG cloning candidate
chr7:44123408-44123907,chr7,44123408,44123907,POLD2,87,,6,29,24,0.8275862068965517,0.44383776,0.473421,0.7761758339590351,1,"⚠️ chr7 — CNV-driven signal possible, re-check in CNV-matched reference; promoter-proximal (≤2 kb from TSS) — may act as promoter, not distal enhancer; 👍 solid cloning candidate"
chr11:111602132-111602631,chr11,111602132,111602631,SIK2,-67,,6,28,24,0.8571428571428571,0.3853283,0.40348256,0.7760869433288966,0,"promoter-proximal (≤2 kb from TSS) — may act as promoter, not distal enhancer; ✅ STRONG cloning candidate"
chr7:149028375-149028874,chr7,149028375,149028874,PDIA4,119,,5,27,25,0.9259259259259259,0.5456144,0.5603112,0.7760681776336148,1,"⚠️ chr7 — CNV-driven signal possible, re-check in CNV-matched reference; promoter-proximal (≤2 kb from TSS) — may act as promoter, not distal enhancer; 👍 solid cloning candidate"
chr13:97433216-97433715,chr13,97433216,97433715,RAP2A,-703,,5,26,25,0.9615384615384616,0.46257326,0.4336804,0.7759484704332057,0,"promoter-proximal (≤2 kb from TSS) — may act as promoter, not distal enhancer; ✅ STRONG cloning candidate"
chr9:92765209-92765708,chr9,92765209,92765708,BICD2,625,,6,25,23,0.92,0.31349412,0.26492667,0.7758645646120562,0,"promoter-proximal (≤2 kb from TSS) — may act as promoter, not distal enhancer; ✅ STRONG cloning candidate"
chr19:2783261-2783760,chr19,2783261,2783760,SGTA,237,,6,30,25,0.8333333333333334,0.35246882,0.3898434,0.7753983977391865,0,"promoter-proximal (≤2 kb from TSS) — may act as promoter, not distal enhancer; ✅ STRONG cloning candidate"
chr5:40798052-40798551,chr5,40798052,40798551,PRKAA1,106,,6,32,26,0.8125,0.31440154,0.29361385,0.7753795476573887,0,"promoter-proximal (≤2 kb from TSS) — may act as promoter, not distal enhancer; ✅ STRONG cloning candidate"
chr2:112645556-112646055,chr2,112645556,112646055,SLC20A1,-133,,6,30,25,0.8333333333333334,0.3506303,0.3832851,0.7752145472123768,0,"promoter-proximal (≤2 kb from TSS) — may act as promoter, not distal enhancer; ✅ STRONG cloning candidate"
chr18:158212-158711,chr18,158212,158711,USP14,-95,,6,32,26,0.8125,0.3118015,0.31581354,0.7751195428836527,0,"promoter-proximal (≤2 kb from TSS) — may act as promoter, not distal enhancer; ✅ STRONG cloning candidate"
chr19:2945161-2945660,chr19,2945161,2945660,ZNF77,439,,6,31,25,0.8064516129032258,0.3956248,0.4000095,0.7750219117016154,0,"promoter-proximal (≤2 kb from TSS) — may act as promoter, not distal enhancer; ✅ STRONG cloning candidate"
chr19:2950572-2951071,chr19,2950572,2951071,ZNF77,5850,,6,31,25,0.8064516129032258,0.3923431,0.42360383,0.7746937434286433,0,distal enhancer candidate (+6 kb from ZNF77 TSS); ✅ STRONG cloning candidate
chr19:9819033-9819532,chr19,9819033,9819532,FBXL12,203,,5,28,26,0.9285714285714286,0.46034187,0.5306854,0.7746597282040171,0,"promoter-proximal (≤2 kb from TSS) — may act as promoter, not distal enhancer; ✅ STRONG cloning candidate"
chr19:506615-507114,chr19,506615,507114,TPGS1,-632,,6,27,23,0.8518518518518519,0.45243788,0.48677576,0.7746208928876654,0,"promoter-proximal (≤2 kb from TSS) — may act as promoter, not distal enhancer; ✅ STRONG cloning candidate"
chr7:108569672-108570171,chr7,108569672,108570171,DNAJB9,48,,5,28,26,0.9285714285714286,0.45656916,0.43866754,0.7742824568796209,1,"⚠️ chr7 — CNV-driven signal possible, re-check in CNV-matched reference; promoter-proximal (≤2 kb from TSS) — may act as promoter, not distal enhancer; 👍 solid cloning candidate"
chr14:91060418-91060917,chr14,91060418,91060917,RPS6KA5,18,,5,26,25,0.9615384615384616,0.44582522,0.4322513,0.7742736655966941,0,"promoter-proximal (≤2 kb from TSS) — may act as promoter, not distal enhancer; ✅ STRONG cloning candidate"
chr6:24775159-24775658,chr6,24775159,24775658,GMNN,472,,6,32,26,0.8125,0.30273196,0.28089297,0.7742125911581698,0,"promoter-proximal (≤2 kb from TSS) — may act as promoter, not distal enhancer; ✅ STRONG cloning candidate"
chr5:32585786-32586285,chr5,32585786,32586285,SUB1,479,,6,30,26,0.8666666666666667,0.20655745,0.14458057,0.7741405941252456,0,"promoter-proximal (≤2 kb from TSS) — may act as promoter, not distal enhancer; ✅ STRONG cloning candidate"
chr19:10654022-10654521,chr19,10654022,10654521,ILF3,11,,5,28,26,0.9285714285714286,0.45403418,0.48740754,0.7740289583253912,0,"promoter-proximal (≤2 kb from TSS) — may act as promoter, not distal enhancer; ✅ STRONG cloning candidate"
chr12:122526494-122526993,chr12,122526494,122526993,RSRC2,-193,,6,28,24,0.8571428571428571,0.3643216,0.37537622,0.7739862707560454,0,"promoter-proximal (≤2 kb from TSS) — may act as promoter, not distal enhancer; ✅ STRONG cloning candidate"
chr19:5977982-5978481,chr19,5977982,5978481,RANBP3,91,,6,31,25,0.8064516129032258,0.38433695,0.40444446,0.7738931301147299,0,"promoter-proximal (≤2 kb from TSS) — may act as promoter, not distal enhancer; ✅ STRONG cloning candidate"
chr19:4402192-4402691,chr19,4402192,4402691,CHAF1A,-198,,6,31,25,0.8064516129032258,0.38356647,0.40181714,0.7738160799354868,0,"promoter-proximal (≤2 kb from TSS) — may act as promoter, not distal enhancer; ✅ STRONG cloning candidate"
chr6:4135527-4136026,chr6,4135527,4136026,ECI2,179,,6,29,24,0.8275862068965517,0.41482532,0.4440586,0.7732745927757542,0,"promoter-proximal (≤2 kb from TSS) — may act as promoter, not distal enhancer; ✅ STRONG cloning candidate"
chr9:19230090-19230589,chr9,19230090,19230589,DENND4C,-353,,6,27,24,0.8888888888888888,0.28882307,0.2384963,0.7730742271237,0,"promoter-proximal (≤2 kb from TSS) — may act as promoter, not distal enhancer; ✅ STRONG cloning candidate"
