peak_id,chrom,start,end,nearest_gene,dist_to_tss_signed,gbm_tags,n_cohorts,n_patients_detected,n_patients_accessible_10pct,consistency,strength_mean,strength_max_nonmalignant,selectivity_vs_nonmal
chr5:44808506-44809005,chr5,44808506,44809005,MRPS30-DT,-38,,6,33,28,0.8484848484848485,0.25964576,0.28415683,0.91374105
chr1:202926941-202927440,chr1,202926941,202927440,KLHL12,-1409,,6,33,27,0.8181818181818182,0.27998236,0.35772508,0.7826747
chr5:34915410-34915909,chr5,34915410,34915909,BRIX1,-51,,6,33,26,0.7878787878787878,0.28205556,0.31697795,0.8898271
chr6:26659453-26659952,chr6,26659453,26659952,ZNF322,-50,,6,33,26,0.7878787878787878,0.28526416,0.32170904,0.8867148
chr6:8435281-8435780,chr6,8435281,8435780,SLC35B3,-37,,6,33,26,0.7878787878787878,0.21913925,0.25732487,0.85160536
chr9:2843863-2844362,chr9,2843863,2844362,PUM3,17,,6,33,26,0.7878787878787878,0.28837255,0.34363443,0.8391841
chr9:36258286-36258785,chr9,36258286,36258785,GNE,-18443,,6,33,26,0.7878787878787878,0.29398885,0.3527547,0.8334087
chr9:33473721-33474220,chr9,33473721,33474220,NOL6,27,,6,33,26,0.7878787878787878,0.28808153,0.36592725,0.78726447
chr19:4759807-4760306,chr19,4759807,4760306,MIR7-3HG,-9048,,6,33,25,0.7575757575757576,0.24126785,0.27982047,0.8622237
chr9:37079678-37080177,chr9,37079678,37080177,EBLN3P,32,,6,33,25,0.7575757575757576,0.23608385,0.27612334,0.8549942
chr9:34178746-34179245,chr9,34178746,34179245,UBAP1,-9,,6,33,25,0.7575757575757576,0.26398593,0.31008267,0.8513405
chr9:36257775-36258274,chr9,36257775,36258274,GNE,-18954,,6,33,24,0.7272727272727273,0.24128883,0.23277777,1.036563
chr9:15552739-15553238,chr9,15552739,15553238,CCDC171,-54,,6,33,24,0.7272727272727273,0.23022087,0.25898287,0.8889425
chr9:37120264-37120763,chr9,37120264,37120763,ZCCHC7,42,,6,33,24,0.7272727272727273,0.28006032,0.34017506,0.8232829
chr9:19379998-19380497,chr9,19379998,19380497,RPS6,11,⚠️ housekeeping,6,33,24,0.7272727272727273,0.22884998,0.2938668,0.77875406
chr9:33001339-33001838,chr9,33001339,33001838,APTX,-23532,,6,33,24,0.7272727272727273,0.20397495,0.27371454,0.74521047
chr9:15510691-15511190,chr9,15510691,15511190,PSIP1,-79,,6,33,23,0.696969696969697,0.21750629,0.22192861,0.9800732
chr5:34839120-34839619,chr5,34839120,34839619,TTC23L,206,,6,33,23,0.696969696969697,0.16752109,0.17137413,0.97751683
chr6:8102431-8102930,chr6,8102431,8102930,EEF1E1-BLOC1S5,85,,6,33,23,0.696969696969697,0.18142167,0.22165838,0.81847423
chr5:1633764-1634263,chr5,1633764,1634263,LOC728613,8,,6,33,23,0.696969696969697,0.15578102,0.1920141,0.81129986
chr9:5437608-5438107,chr9,5437608,5438107,PLGRKT,-68,,6,33,23,0.696969696969697,0.22712766,0.28713143,0.7910233
chr9:37422440-37422939,chr9,37422440,37422939,GRHPR,-6,,6,33,23,0.696969696969697,0.20565197,0.26708645,0.7699828
chr9:32384283-32384782,chr9,32384283,32384782,ACO1,-70,,6,33,22,0.6666666666666666,0.22869171,0.25665194,0.8910578
chr18:14132306-14132805,chr18,14132306,14132805,ZNF519,120,,6,33,21,0.6363636363636364,0.15353875,0.19904727,0.77136827
chr9:92325401-92325900,chr9,92325401,92325900,NOL8,56,,6,33,21,0.6363636363636364,0.2184391,0.321645,0.67913103
chr9:6704105-6704604,chr9,6704105,6704604,KDM4C,-16508,,6,33,20,0.6060606060606061,0.1369116,0.21736862,0.6298591
chr8:27490850-27491349,chr8,27490850,27491349,EPHX2,-43,,6,33,19,0.5757575757575758,0.14484908,0.14364004,1.0084171
chr5:7763370-7763869,chr5,7763370,7763869,C5orf49,-87514,,6,33,18,0.5454545454545454,0.14942904,0.09966454,1.49932
chr5:41903925-41904424,chr5,41903925,41904424,C5orf51,-169,,6,32,30,0.9375,0.4565386,0.5179879,0.8813692
chr19:11435244-11435743,chr19,11435244,11435743,PRKCSH,237,,6,32,30,0.9375,0.417832,0.5473358,0.7633924
chr6:52284779-52285278,chr6,52284779,52285278,MCM3,286,⚠️ housekeeping,6,32,29,0.90625,0.3278353,0.37633958,0.8711156
chr9:34048977-34049476,chr9,34048977,34049476,UBAP2,27,,6,32,29,0.90625,0.38235238,0.44308674,0.862929
chr9:35072535-35073034,chr9,35072535,35073034,VCP,116,⚠️ housekeeping,6,32,28,0.875,0.35125408,0.40074337,0.87650627
chr19:4471666-4472165,chr19,4471666,4472165,HDGFL2,-381,,6,32,28,0.875,0.48712543,0.5650431,0.86210316
chr5:271275-271774,chr5,271275,271774,HRAT5,0,,6,32,28,0.875,0.34396616,0.40478647,0.8497472
chr18:9334469-9334968,chr18,9334469,9334968,TWSG1,-54,,6,32,28,0.875,0.32361877,0.40014398,0.8087558
chr21:29073522-29074021,chr21,29073522,29074021,CCT8,-26,⚠️ housekeeping,6,32,28,0.875,0.28960943,0.40203536,0.72035813
chr5:43483630-43484129,chr5,43483630,43484129,TMEM267,-508,,6,32,27,0.84375,0.28999326,0.2947876,0.98373634
chr6:5003513-5004012,chr6,5003513,5004012,LYRM4-AS1,-53,,6,32,27,0.84375,0.34839788,0.40070206,0.8694686
chr2:86623609-86624108,chr2,86623609,86624108,RNF103,-19,,6,32,27,0.84375,0.2720364,0.33438605,0.8135399
chr1:42846341-42846840,chr1,42846341,42846840,ZNF691,18,,6,32,27,0.84375,0.24512313,0.30344784,0.8077933
chr5:14011404-14011903,chr5,14011404,14011903,DNAH5,66965,,6,32,26,0.8125,0.25964147,0.24313956,1.0678701
chr7:135662179-135662678,chr7,135662179,135662678,STMP1,-85,,6,32,26,0.8125,0.3531334,0.35896853,0.98374474
chr5:43556952-43557451,chr5,43556952,43557451,PAIP1,-218,,6,32,26,0.8125,0.2767892,0.28909993,0.957417
chr6:24775159-24775658,chr6,24775159,24775658,GMNN,472,,6,32,26,0.8125,0.30273196,0.3303893,0.9162887
chr9:35814803-35815302,chr9,35814803,35815302,HINT2,10,,6,32,26,0.8125,0.33584598,0.3744127,0.8969941
chr5:40798052-40798551,chr5,40798052,40798551,PRKAA1,106,,6,32,26,0.8125,0.31440154,0.35075077,0.8963673
chr5:32585282-32585781,chr5,32585282,32585781,SUB1,-25,,6,32,26,0.8125,0.22694169,0.25351644,0.89517546
chr18:12990960-12991459,chr18,12990960,12991459,CEP192,-152,,6,32,26,0.8125,0.33976012,0.38637456,0.8793543
chr1:170531835-170532334,chr1,170531835,170532334,GORAB,-81,,6,32,26,0.8125,0.21718432,0.25149113,0.8635864
chr18:12407654-12408153,chr18,12407654,12408153,PRELID3A,-25,,6,32,26,0.8125,0.27414626,0.31969917,0.8575132
chr6:37102535-37103034,chr6,37102535,37103034,PIM1,-67367,,6,32,26,0.8125,0.32444394,0.3821205,0.84906185
chr6:3118370-3118869,chr6,3118370,3118869,BPHL,244,,6,32,26,0.8125,0.36081976,0.42612636,0.8467436
chr18:158212-158711,chr18,158212,158711,USP14,-95,,6,32,26,0.8125,0.3118015,0.36905506,0.8448644
chr6:3258708-3259207,chr6,3258708,3259207,PSMG4,11,,6,32,26,0.8125,0.27441084,0.32720965,0.8386392
chrX:48958178-48958677,chrX,48958178,48958677,OTUD5,46,,6,32,26,0.8125,0.25436056,0.30444372,0.83549285
chr5:40835111-40835610,chr5,40835111,40835610,RPL37,138,,6,32,26,0.8125,0.23318106,0.29258874,0.7969584
chr19:4007260-4007759,chr19,4007260,4007759,PIAS4,-226,,6,32,26,0.8125,0.37524444,0.47926778,0.7829536
chr16:29973480-29973979,chr16,29973480,29973979,TAOK2,-138,,6,32,26,0.8125,0.3440017,0.44938672,0.7654915
chr5:10601334-10601833,chr5,10601334,10601833,ANKRD33B,37514,,6,32,25,0.78125,0.21792229,0.19614837,1.1110075
chr5:37249174-37249673,chr5,37249174,37249673,CPLANE1,-5,,6,32,25,0.78125,0.26070106,0.2652596,0.98281485
chr6:7389575-7390074,chr6,7389575,7390074,RIOK1,17,,6,32,25,0.78125,0.24992669,0.25919273,0.9642503
chr5:43514916-43515415,chr5,43514916,43515415,C5orf34,17,,6,32,25,0.78125,0.225496,0.24185432,0.93236285
chr5:31531972-31532471,chr5,31531972,31532471,C5orf22,-44,,6,32,25,0.78125,0.28294566,0.30563182,0.9257729
chr6:20212285-20212784,chr6,20212285,20212784,MBOAT1,65,,6,32,25,0.78125,0.23447222,0.25566816,0.91709584
chr19:7098954-7099453,chr19,7098954,7099453,ZNF557,29501,,6,32,25,0.78125,0.337474,0.37611344,0.8972665
chr19:3626829-3627328,chr19,3626829,3627328,CACTIN,263,,6,32,25,0.78125,0.35480002,0.3993344,0.88847846
chr6:3068698-3069197,chr6,3068698,3069197,RIPK1,4981,,6,32,25,0.78125,0.27706397,0.314373,0.88132244
chr5:7868950-7869449,chr5,7868950,7869449,MTRR,52,,6,32,25,0.78125,0.26098743,0.30026034,0.8692038
chr19:2944661-2945160,chr19,2944661,2945160,ZNF77,-61,,6,32,25,0.78125,0.3755074,0.43737617,0.85854566
chr2:27356931-27357430,chr2,27356931,27357430,GTF3C2,146,,6,32,25,0.78125,0.32050553,0.3745539,0.85569936
chr19:2900646-2901145,chr19,2900646,2901145,ZNF57,-32,,6,32,25,0.78125,0.36494404,0.4308829,0.84696805
chr7:106058573-106059072,chr7,106058573,106059072,SYPL1,-53754,,6,32,25,0.78125,0.22987407,0.2792919,0.8230603
chr19:6279746-6280245,chr19,6279746,6280245,MLLT1,20,,6,32,25,0.78125,0.3213583,0.39091608,0.82206464
chr6:7313026-7313525,chr6,7313026,7313525,SSR1,76,,6,32,25,0.78125,0.29128444,0.3546596,0.8213071
chr19:4639062-4639561,chr19,4639062,4639561,TNFAIP8L1,-204,,6,32,25,0.78125,0.3309666,0.4116443,0.8040111
chr6:10747343-10747842,chr6,10747343,10747842,TMEM14B,-166,,6,32,25,0.78125,0.2928544,0.37047404,0.7904856
chr18:10525785-10526284,chr18,10525785,10526284,NAPG,8,,6,32,25,0.78125,0.21058576,0.26726073,0.7879413
chr2:26785690-26786189,chr2,26785690,26786189,CENPA,-75,,6,32,25,0.78125,0.27760172,0.35427815,0.78357
chrX:48897503-48898002,chrX,48897503,48898002,PQBP1,-159,,6,32,25,0.78125,0.21093485,0.2692387,0.7834492
chr14:63641660-63642159,chr14,63641660,63642159,WDR89,38,,6,32,25,0.78125,0.32981282,0.4369955,0.7547282
chr16:75622994-75623493,chr16,75622994,75623493,ADAT1,-38,,6,32,25,0.78125,0.2421422,0.32592225,0.74294466
chr22:30592008-30592507,chr22,30592008,30592507,PES1,-14756,,6,32,25,0.78125,0.23261899,0.32154733,0.72343624
chr9:124861839-124862338,chr9,124861839,124862338,ARPC5L,-41,,6,32,25,0.78125,0.26511145,0.36669543,0.7229745
chr5:1594164-1594663,chr5,1594164,1594663,SDHAP3,-118,,6,32,24,0.75,0.19822712,0.17641136,1.1236641
chr5:10627814-10628313,chr5,10627814,10628313,ANKRD33B,63994,,6,32,24,0.75,0.22681987,0.21423224,1.058757
chr1:27830457-27830956,chr1,27830457,27830956,PPP1R8,-75,,6,32,24,0.75,0.22863226,0.24315368,0.9402788
chr19:485817-486316,chr19,485817,486316,ODF3L2,-5558,,6,32,24,0.75,0.23155102,0.24833384,0.9324183
chr19:2032337-2032836,chr19,2032337,2032836,BTBD2,16872,,6,32,24,0.75,0.2386027,0.25635117,0.930765
chr9:35161690-35162189,chr9,35161690,35162189,UNC13B,-69,,6,32,24,0.75,0.2540611,0.27397636,0.92731035
chr19:1507588-1508087,chr19,1507588,1508087,ADAMTSL5,-5182,,6,32,24,0.75,0.2833958,0.3085291,0.9185383
chr5:16616786-16617285,chr5,16616786,16617285,RETREG1,-23,,6,32,24,0.75,0.15960033,0.17409766,0.9167288
chr19:2739914-2740413,chr19,2739914,2740413,SLC39A3,87,,6,32,24,0.75,0.30106843,0.32894918,0.91524297
chr2:74374429-74374928,chr2,74374429,74374928,DCTN1-AS1,-10824,,6,32,24,0.75,0.19158478,0.20990634,0.91271555
chr20:43513783-43514282,chr20,43513783,43514282,L3MBTL1,6336,,6,32,24,0.75,0.3567067,0.4072407,0.8759113
chr9:36400632-36401131,chr9,36400632,36401131,RNF38,-317,,6,32,24,0.75,0.30098394,0.34861562,0.86336905
chr5:37370943-37371442,chr5,37370943,37371442,NUP155,86,,6,32,24,0.75,0.22209992,0.25956827,0.85565126
chr19:4670094-4670593,chr19,4670094,4670593,MYDGF,1,,6,32,24,0.75,0.27325132,0.32394204,0.8435192
chr6:8064258-8064757,chr6,8064258,8064757,BLOC1S5,93,,6,32,24,0.75,0.26639673,0.31582373,0.8434981
chr19:7069012-7069511,chr19,7069012,7069511,ZNF557,-441,,6,32,24,0.75,0.31509987,0.37457716,0.84121484
