peak_id,chrom,start,end,nearest_gene,dist_to_tss_signed,distance_category,gbm_tags,z_daigle,passes_daigle_z2,n_cohorts,n_patients_detected,n_patients_accessible,consistency,strength_mean,strength_max_nonmalignant,selectivity_vs_nonmal
chr5:44808506-44809005,chr5,44808506,44809005,MRPS30-DT,-38,promoter,,-0.5503963,False,8,45,32,0.7111111111111111,0.21546914,0.28415683,0.7582754
chr1:202926941-202927440,chr1,202926941,202927440,KLHL12,-1409,promoter,,-1.9236042,False,8,45,31,0.6888888888888889,0.23076369,0.35772508,0.6450867
chr6:26659453-26659952,chr6,26659453,26659952,ZNF322,-50,promoter,,-0.94365615,False,8,45,30,0.6666666666666666,0.23423725,0.32170904,0.7281028
chr9:36258286-36258785,chr9,36258286,36258785,GNE,-18443,distal,,-1.6843764,False,8,45,30,0.6666666666666666,0.23831134,0.3527547,0.6755724
chr9:33473721-33474220,chr9,33473721,33474220,NOL6,27,promoter,,-1.9870343,False,8,45,30,0.6666666666666666,0.23410796,0.36592725,0.6397664
chr5:34915410-34915909,chr5,34915410,34915909,BRIX1,-51,promoter,,-0.9389315,False,8,45,29,0.6444444444444445,0.23047128,0.31697795,0.72708935
chr19:4759807-4760306,chr19,4759807,4760306,MIR7-3HG,-9048,near,,-0.23405156,False,8,45,29,0.6444444444444445,0.19908434,0.27982047,0.7114717
chr6:8435281-8435780,chr6,8435281,8435780,SLC35B3,-37,promoter,,-1.1313707,False,8,45,29,0.6444444444444445,0.17925946,0.25732487,0.696627
chr9:34178746-34179245,chr9,34178746,34179245,UBAP1,-9,promoter,,-1.4397286,False,8,45,29,0.6444444444444445,0.2148735,0.31008267,0.6929555
chr9:2843863-2844362,chr9,2843863,2844362,PUM3,17,promoter,,-1.561864,False,8,45,29,0.6444444444444445,0.2353678,0.34363443,0.68493664
chr9:37079678-37080177,chr9,37079678,37080177,EBLN3P,32,promoter,,-1.2874322,False,8,45,28,0.6222222222222222,0.19156668,0.27612334,0.69377214
chr9:37120264-37120763,chr9,37120264,37120763,ZCCHC7,42,promoter,,-1.662241,False,8,45,28,0.6222222222222222,0.22749771,0.34017506,0.66876656
chr9:36257775-36258274,chr9,36257775,36258274,GNE,-18954,distal,,0.20241223,False,8,45,27,0.6,0.19240542,0.23277777,0.82656264
chr9:15552739-15553238,chr9,15552739,15553238,CCDC171,-54,promoter,,-0.423714,False,8,45,27,0.6,0.18651143,0.25898287,0.720169
chr9:19379998-19380497,chr9,19379998,19380497,RPS6,11,promoter,⚠️ housekeeping,-1.825448,False,8,45,27,0.6,0.18854015,0.2938668,0.6415837
chr9:33001339-33001838,chr9,33001339,33001838,APTX,-23532,distal,,-1.8321326,False,8,45,27,0.6,0.16770649,0.27371454,0.6127058
chr5:1633764-1634263,chr5,1633764,1634263,LOC728613,8,promoter,,-1.16835,False,8,45,26,0.5777777777777777,0.12981851,0.1920141,0.67608845
chr6:8102431-8102930,chr6,8102431,8102930,EEF1E1-BLOC1S5,85,promoter,,-1.9698273,False,8,45,26,0.5777777777777777,0.14868392,0.22165838,0.6707796
chr9:5437608-5438107,chr9,5437608,5438107,PLGRKT,-68,promoter,,-1.7162821,False,8,45,26,0.5777777777777777,0.18680732,0.28713143,0.65059865
chr9:37422440-37422939,chr9,37422440,37422939,GRHPR,-6,promoter,,-1.9012368,False,8,45,26,0.5777777777777777,0.16765782,0.26708645,0.6277287
chr5:34839120-34839619,chr5,34839120,34839619,TTC23L,206,promoter,,0.4250021,False,8,45,25,0.5555555555555556,0.13796273,0.17137413,0.8050383
chr9:15510691-15511190,chr9,15510691,15511190,PSIP1,-79,promoter,,-0.16438498,False,8,45,25,0.5555555555555556,0.1728498,0.22192861,0.7788532
chr9:32384283-32384782,chr9,32384283,32384782,ACO1,-70,promoter,,-1.0300992,False,8,45,25,0.5555555555555556,0.18289845,0.25665194,0.71263224
chr18:14132306-14132805,chr18,14132306,14132805,ZNF519,120,promoter,,-1.2831724,False,8,45,24,0.5333333333333333,0.13042548,0.19904727,0.6552488
chr9:92325401-92325900,chr9,92325401,92325900,NOL8,56,promoter,,-2.4167159,False,8,45,24,0.5333333333333333,0.18046637,0.321645,0.5610731
chr9:6704105-6704604,chr9,6704105,6704604,KDM4C,-16508,distal,,-2.4136486,False,8,45,22,0.4888888888888889,0.11218061,0.21736862,0.5160847
chr8:27490850-27491349,chr8,27490850,27491349,EPHX2,-43,promoter,,0.36985084,False,8,45,20,0.4444444444444444,0.11832053,0.14364004,0.82372946
chr5:7763370-7763869,chr5,7763370,7763869,C5orf49,-87514,distal,,2.227812,True,8,45,19,0.4222222222222222,0.12188007,0.09966454,1.222903
chr5:41903925-41904424,chr5,41903925,41904424,C5orf51,-169,promoter,,-2.0132623,False,8,44,38,0.8636363636363636,0.37117139,0.5179879,0.7165638
chr19:11435244-11435743,chr19,11435244,11435743,PRKCSH,237,promoter,,-3.0141776,False,8,44,38,0.8636363636363636,0.3409687,0.5473358,0.6229607
chr19:4471666-4472165,chr19,4471666,4472165,HDGFL2,-381,promoter,,-2.1281695,False,8,44,36,0.8181818181818182,0.3950669,0.5650431,0.6991801
chr6:52284779-52285278,chr6,52284779,52285278,MCM3,286,promoter,⚠️ housekeeping,-1.346771,False,8,44,34,0.7727272727272727,0.26694393,0.37633958,0.7093167
chr9:34048977-34049476,chr9,34048977,34049476,UBAP2,27,promoter,,-1.8666552,False,8,44,33,0.75,0.30825117,0.44308674,0.69569033
chr5:271275-271774,chr5,271275,271774,HRAT5,0,promoter,,-1.9161454,False,8,44,33,0.75,0.2796887,0.40478647,0.6909537
chr9:35072535-35073034,chr9,35072535,35073034,VCP,116,promoter,⚠️ housekeeping,-1.4727534,False,8,44,32,0.7272727272727273,0.28475234,0.40074337,0.7105603
chr19:4007260-4007759,chr19,4007260,4007759,PIAS4,-226,promoter,,-2.5914776,False,8,44,32,0.7272727272727273,0.30393073,0.47926778,0.6341564
chr21:29073522-29074021,chr21,29073522,29074021,CCT8,-26,promoter,⚠️ housekeeping,-2.48895,False,8,44,32,0.7272727272727273,0.23962486,0.40203536,0.59602934
chr7:135662179-135662678,chr7,135662179,135662678,STMP1,-85,promoter,,-0.15781625,False,8,44,31,0.7045454545454546,0.2869138,0.35896853,0.7992729
chr19:2944661-2945160,chr19,2944661,2945160,ZNF77,-61,promoter,,-1.9905756,False,8,44,31,0.7045454545454546,0.30432633,0.43737617,0.69579995
chr6:5003513-5004012,chr6,5003513,5004012,LYRM4-AS1,-53,promoter,,-1.629095,False,8,44,31,0.7045454545454546,0.27795857,0.40070206,0.6936789
chr6:37102535-37103034,chr6,37102535,37103034,PIM1,-67367,distal,,-0.77705,False,8,44,31,0.7045454545454546,0.26406357,0.3821205,0.6910479
chr19:2900646-2901145,chr19,2900646,2901145,ZNF57,-32,promoter,,-1.9096428,False,8,44,31,0.7045454545454546,0.29616535,0.4308829,0.6873453
chr2:86623609-86624108,chr2,86623609,86624108,RNF103,-19,promoter,,-1.4128844,False,8,44,31,0.7045454545454546,0.22348629,0.33438605,0.66834813
chr18:9334469-9334968,chr18,9334469,9334968,TWSG1,-54,promoter,,-2.300257,False,8,44,31,0.7045454545454546,0.26025888,0.40014398,0.6504131
chr14:63641660-63642159,chr14,63641660,63642159,WDR89,38,promoter,,-2.4665086,False,8,44,31,0.7045454545454546,0.27417663,0.4369955,0.6274129
chr5:43483630-43484129,chr5,43483630,43484129,TMEM267,-508,promoter,,-0.037591636,False,8,44,30,0.6818181818181818,0.23480535,0.2947876,0.79652387
chr6:24775159-24775658,chr6,24775159,24775658,GMNN,472,promoter,,-1.0780005,False,8,44,30,0.6818181818181818,0.24511386,0.3303893,0.7418941
chr9:35814803-35815302,chr9,35814803,35815302,HINT2,10,promoter,,-1.2512076,False,8,44,30,0.6818181818181818,0.26990223,0.3744127,0.7208683
chr18:12990960-12991459,chr18,12990960,12991459,CEP192,-152,promoter,,-1.2368313,False,8,44,30,0.6818181818181818,0.27514032,0.38637456,0.7121077
chrX:48958178-48958677,chrX,48958178,48958677,OTUD5,46,promoter,,-1.1550355,False,8,44,30,0.6818181818181818,0.21121828,0.30444372,0.69378436
chr6:3118370-3118869,chr6,3118370,3118869,BPHL,244,promoter,,-1.933239,False,8,44,30,0.6818181818181818,0.28945035,0.42612636,0.6792594
chr1:42846341-42846840,chr1,42846341,42846840,ZNF691,18,promoter,,-1.657882,False,8,44,30,0.6818181818181818,0.20323376,0.30344784,0.6697486
chr16:29973480-29973979,chr16,29973480,29973979,TAOK2,-138,promoter,,-2.9021008,False,8,44,30,0.6818181818181818,0.27891803,0.44938672,0.6206637
chr5:10601334-10601833,chr5,10601334,10601833,ANKRD33B,37514,distal,,0.69011194,False,8,44,29,0.6590909090909091,0.17853832,0.19614837,0.9102208
chr5:14011404-14011903,chr5,14011404,14011903,DNAH5,66965,distal,,0.7959597,False,8,44,29,0.6590909090909091,0.2117596,0.24313956,0.8709385
chr5:43556952-43557451,chr5,43556952,43557451,PAIP1,-218,promoter,,-0.3101204,False,8,44,29,0.6590909090909091,0.21941942,0.28909993,0.7589743
chr5:32585282-32585781,chr5,32585282,32585781,SUB1,-25,promoter,,-1.131595,False,8,44,29,0.6590909090909091,0.18458606,0.25351644,0.7281029
chr19:7098954-7099453,chr19,7098954,7099453,ZNF557,29501,distal,,-1.3667005,False,8,44,29,0.6590909090909091,0.2721928,0.37611344,0.7236987
chr5:40798052-40798551,chr5,40798052,40798551,PRKAA1,106,promoter,,-0.6157127,False,8,44,29,0.6590909090909091,0.2537053,0.35075077,0.72332066
chr1:170531835-170532334,chr1,170531835,170532334,GORAB,-81,promoter,,-0.32301736,False,8,44,29,0.6590909090909091,0.18177477,0.25149113,0.722788
chr7:106058573-106059072,chr7,106058573,106059072,SYPL1,-53754,distal,,0.1038172,False,8,44,29,0.6590909090909091,0.19473253,0.2792919,0.6972366
chr18:12407654-12408153,chr18,12407654,12408153,PRELID3A,-25,promoter,,-0.9645998,False,8,44,29,0.6590909090909091,0.22194834,0.31969917,0.6942412
chr18:158212-158711,chr18,158212,158711,USP14,-95,promoter,,-1.9344964,False,8,44,29,0.6590909090909091,0.25141397,0.36905506,0.68123704
chr6:3258708-3259207,chr6,3258708,3259207,PSMG4,11,promoter,,-1.3716428,False,8,44,29,0.6590909090909091,0.22107568,0.32720965,0.6756393
chr5:40835111-40835610,chr5,40835111,40835610,RPL37,138,promoter,,-1.6154253,False,8,44,29,0.6590909090909091,0.1942632,0.29258874,0.6639463
chrX:48897503-48898002,chrX,48897503,48898002,PQBP1,-159,promoter,,-1.3580277,False,8,44,29,0.6590909090909091,0.17734294,0.2692387,0.6586829
chr19:4639062-4639561,chr19,4639062,4639561,TNFAIP8L1,-204,promoter,,-2.1276343,False,8,44,29,0.6590909090909091,0.2670972,0.4116443,0.6488544
chr2:26785690-26786189,chr2,26785690,26786189,CENPA,-75,promoter,,-1.7708701,False,8,44,29,0.6590909090909091,0.22986692,0.35427815,0.6488318
chr6:10747343-10747842,chr6,10747343,10747842,TMEM14B,-166,promoter,,-2.0720987,False,8,44,29,0.6590909090909091,0.23778315,0.37047404,0.64183486
chr5:37249174-37249673,chr5,37249174,37249673,CPLANE1,-5,promoter,,0.1458482,False,8,44,28,0.6363636363636364,0.21208814,0.2652596,0.79954934
chr6:7389575-7390074,chr6,7389575,7390074,RIOK1,17,promoter,,-0.27879447,False,8,44,28,0.6363636363636364,0.20247003,0.25919273,0.7811563
chr5:43514916-43515415,chr5,43514916,43515415,C5orf34,17,promoter,,-0.23654516,False,8,44,28,0.6363636363636364,0.18376051,0.24185432,0.7597983
chr5:31531972-31532471,chr5,31531972,31532471,C5orf22,-44,promoter,,-0.29011515,False,8,44,28,0.6363636363636364,0.23037234,0.30563182,0.7537577
chr5:7868950-7869449,chr5,7868950,7869449,MTRR,52,promoter,,-1.0578778,False,8,44,28,0.6363636363636364,0.2140221,0.30026034,0.71278846
chr6:3068698-3069197,chr6,3068698,3069197,RIPK1,4981,near,,-1.3083773,False,8,44,28,0.6363636363636364,0.2239471,0.314373,0.7123611
chr19:3626829-3627328,chr19,3626829,3627328,CACTIN,263,promoter,,-1.3825748,False,8,44,28,0.6363636363636364,0.28346246,0.3993344,0.7098373
chr2:27356931-27357430,chr2,27356931,27357430,GTF3C2,146,promoter,,-1.7353003,False,8,44,28,0.6363636363636364,0.25677153,0.3745539,0.6855396
chr1:180502666-180503165,chr1,180502666,180503165,ACBD6,338,promoter,,-1.1177351,False,8,44,28,0.6363636363636364,0.1735063,0.25719967,0.6745977
chr14:60981137-60981636,chr14,60981137,60981636,SLC38A6,273,promoter,,-1.1731789,False,8,44,28,0.6363636363636364,0.20393029,0.30579478,0.6668861
chr6:7313026-7313525,chr6,7313026,7313525,SSR1,76,promoter,,-1.9897269,False,8,44,28,0.6363636363636364,0.2355589,0.3546596,0.6641831
chr19:6279746-6280245,chr19,6279746,6280245,MLLT1,20,promoter,,-1.9770453,False,8,44,28,0.6363636363636364,0.2584109,0.39091608,0.66103935
chr18:10525785-10526284,chr18,10525785,10526284,NAPG,8,promoter,,-2.215779,False,8,44,28,0.6363636363636364,0.17364195,0.26726073,0.64970994
chr9:34523035-34523534,chr9,34523035,34523534,ENHO,294,promoter,,-1.9382627,False,8,44,28,0.6363636363636364,0.24163467,0.37278265,0.6481918
chr16:75622994-75623493,chr16,75622994,75623493,ADAT1,-38,promoter,,-2.2988667,False,8,44,28,0.6363636363636364,0.1985542,0.32592225,0.6092073
chr15:63189255-63189754,chr15,63189255,63189754,RAB8B,-101,promoter,,-2.8147888,False,8,44,28,0.6363636363636364,0.23905301,0.39527977,0.6047692
chr22:37844120-37844619,chr22,37844120,37844619,MIR658,-2,promoter,,-2.7588837,False,8,44,28,0.6363636363636364,0.24075015,0.4033136,0.5969304
chr9:124861839-124862338,chr9,124861839,124862338,ARPC5L,-41,promoter,,-2.547067,False,8,44,28,0.6363636363636364,0.2172162,0.36669543,0.59236133
chr22:30592008-30592507,chr22,30592008,30592507,PES1,-14756,distal,,-2.796082,False,8,44,28,0.6363636363636364,0.1902901,0.32154733,0.59179497
chr5:1594164-1594663,chr5,1594164,1594663,SDHAP3,-118,promoter,,0.8837655,False,8,44,27,0.6136363636363636,0.16111238,0.17641136,0.9132767
chr5:10627814-10628313,chr5,10627814,10628313,ANKRD33B,63994,distal,,0.7359144,False,8,44,27,0.6136363636363636,0.18354505,0.21423224,0.8567574
chr19:485817-486316,chr19,485817,486316,ODF3L2,-5558,near,,0.30605796,False,8,44,27,0.6136363636363636,0.19282897,0.24833384,0.7764909
chr1:27830457-27830956,chr1,27830457,27830956,PPP1R8,-75,promoter,,-0.37075004,False,8,44,27,0.6136363636363636,0.18297921,0.24315368,0.752525
chr5:16616786-16617285,chr5,16616786,16617285,RETREG1,-23,promoter,,0.05433939,False,8,44,27,0.6136363636363636,0.13052426,0.17409766,0.74971867
chr9:35161690-35162189,chr9,35161690,35162189,UNC13B,-69,promoter,,-0.6068106,False,8,44,27,0.6136363636363636,0.2034667,0.27397636,0.7426433
chr2:74374429-74374928,chr2,74374429,74374928,DCTN1-AS1,-10824,distal,,-0.035631634,False,8,44,27,0.6136363636363636,0.15575458,0.20990634,0.7420194
chr19:1507588-1508087,chr19,1507588,1508087,ADAMTSL5,-5182,near,,-0.82621723,False,8,44,27,0.6136363636363636,0.22878297,0.3085291,0.741528
chr6:20212285-20212784,chr6,20212285,20212784,MBOAT1,65,promoter,,-0.8855233,False,8,44,27,0.6136363636363636,0.18947734,0.25566816,0.7411065
chr19:2739914-2740413,chr19,2739914,2740413,SLC39A3,87,promoter,,-0.78766483,False,8,44,27,0.6136363636363636,0.2411859,0.32894918,0.7332011
chr5:37370943-37371442,chr5,37370943,37371442,NUP155,86,promoter,,-0.8243609,False,8,44,27,0.6136363636363636,0.18270263,0.25956827,0.7038712
chr20:43513783-43514282,chr20,43513783,43514282,L3MBTL1,6336,near,,-1.4980978,False,8,44,27,0.6136363636363636,0.28224847,0.4072407,0.6930753
