peak_id,chrom,start,end,nearest_gene,dist_to_tss_signed,distance_category,gbm_tags,n_cohorts,n_patients_detected,n_patients_accessible,consistency,strength_mean,strength_max_nonmalignant,selectivity_vs_nonmal,nonmal_mean,nonmal_sd,z_daigle,passes_daigle_z2,aav_score
chr3:132135945-132136444,chr3,132135945,132136444,CPNE4,96588,distal,,7,37,10,0.2702702702702703,0.123982996,0.057255905,2.1654184,0.03481086,0.014335952,6.2201757,True,0.49395580667431827
chr2:65662544-65663043,chr2,65662544,65663043,SPRED2,230194,far-distal,,8,35,7,0.2,0.07342437,0.036449112,2.014435,0.020697614,0.0074353497,7.0913615,True,0.4815680684025089
chr9:18490562-18491061,chr9,18490562,18491061,ADAMTSL1,16659,distal,,7,37,9,0.24324324324324326,0.0700803,0.029910304,2.3430154,0.018165858,0.006404851,8.105489,True,0.4763797601496985
chr4:71553549-71554048,chr4,71553549,71554048,GC,-251722,far-distal,,7,36,8,0.2222222222222222,0.10596427,0.051418655,2.060814,0.030000346,0.011386297,6.671522,True,0.46863284135030375
chr1:205600058-205600557,chr1,205600058,205600557,MFSD4A-AS1,31002,distal,,7,36,7,0.19444444444444445,0.10164112,0.04690317,2.1670415,0.029563742,0.011649446,6.187194,True,0.45963940325710506
chr1:12040526-12041025,chr1,12040526,12041025,MIR6729,11618,distal,,7,37,7,0.1891891891891892,0.10057827,0.04865012,2.0673797,0.030475728,0.011592694,6.0471315,True,0.45942590112957327
chr9:13388126-13388625,chr9,13388126,13388625,LINC01235,-42954,distal,,8,36,5,0.1388888888888889,0.043090463,0.020545188,2.0973506,0.012652536,0.0044916915,6.7764955,True,0.4586894670418567
chr14:68779943-68780442,chr14,68779943,68780442,ZFP36L1,-16051,distal,,6,35,10,0.2857142857142857,0.08997942,0.04277775,2.1034162,0.031550597,0.008680927,6.7307124,True,0.45371379690865676
chr1:183318418-183318917,chr1,183318418,183318917,NMNAT2,-99713,distal,,7,37,6,0.16216216216216217,0.060139075,0.027385231,2.1960404,0.018803766,0.0056106756,7.3672605,True,0.4438085125923693
chr5:64331772-64332271,chr5,64331772,64332271,RNF180,166179,far-distal,,7,33,6,0.18181818181818182,0.09340254,0.042923726,2.176012,0.026745267,0.009892067,6.7384577,True,0.44370705429803237
chr9:16704564-16705063,chr9,16704564,16705063,BNC2-AS1,-22000,distal,,7,32,6,0.1875,0.103919454,0.05010962,2.0738423,0.033325158,0.01247565,5.6585665,True,0.44293319473663967
chr18:32956877-32957376,chr18,32956877,32957376,KLHL14,184103,far-distal,,7,36,6,0.16666666666666666,0.046179377,0.022294857,2.0713017,0.014820632,0.0050728726,6.1816545,True,0.4373887354632219
chr18:32383127-32383626,chr18,32383127,32383626,GAREM1,-87506,distal,,7,36,5,0.1388888888888889,0.06316789,0.029129079,2.168551,0.02102526,0.006310405,6.6782765,True,0.432522956273622
chr17:17990917-17991416,chr17,17990917,17991416,DRC3,18354,distal,,6,34,8,0.23529411764705882,0.07193166,0.032241058,2.2310576,0.023337547,0.007094803,6.849255,True,0.4310384731031224
chr5:136058244-136058743,chr5,136058244,136058743,VTRNA2-1,-22105,distal,,7,33,5,0.15151515151515152,0.07134497,0.033222016,2.1475208,0.022678338,0.0067156465,7.246753,True,0.42826210981517127
chr2:44706838-44707337,chr2,44706838,44707337,LINC01833,-232112,far-distal,,6,36,8,0.2222222222222222,0.05153573,0.023996558,2.14763,0.019485353,0.0045072786,7.110805,True,0.42779937559531794
chr5:34674194-34674693,chr5,34674194,34674693,RAI14,18116,distal,,7,36,5,0.1388888888888889,0.04332568,0.020889504,2.0740407,0.014175347,0.0036236553,8.044456,True,0.42713685798562234
chr5:122181115-122181614,chr5,122181115,122181614,LOC100505841,21189,distal,,6,35,7,0.2,0.07691435,0.03497632,2.1990407,0.021114398,0.007172873,7.779303,True,0.42253514951715865
chr3:142853776-142854275,chr3,142853776,142854275,PCOLCE2,-35058,distal,,7,32,5,0.15625,0.054458436,0.026093388,2.0870588,0.019007336,0.005098948,6.9526305,True,0.4223017368714015
chr3:34843020-34843519,chr3,34843020,34843519,LOC101928135,-550754,gene-desert,,6,33,7,0.21212121212121213,0.08177412,0.038604897,2.118232,0.022553554,0.009554632,6.1981,True,0.41987073110811635
chr5:17000211-17000710,chr5,17000211,17000710,MYO10,64172,distal,,7,37,4,0.10810810810810811,0.040056746,0.019056063,2.1020472,0.012503131,0.0036174373,7.6168876,True,0.41946322872261477
chr3:156788054-156788553,chr3,156788054,156788553,PA2G4P4,-23718,distal,,6,36,7,0.19444444444444445,0.060517408,0.029973777,2.0190117,0.019566797,0.0067625334,6.0555134,True,0.41794421359482736
chr2:100957851-100958350,chr2,100957851,100958350,NPAS2-AS1,-19061,distal,,7,33,4,0.12121212121212122,0.047782063,0.023252496,2.0549219,0.014669372,0.005442166,6.0844693,True,0.4115544837735819
chr4:8508729-8509228,chr4,8508729,8509228,TRMT44,68202,distal,,6,30,6,0.2,0.06892983,0.0267767,2.5742466,0.018516077,0.005396461,9.342002,True,0.4098996651172638
chr6:22892434-22892933,chr6,22892434,22892933,LOC105374972,174759,far-distal,,7,35,3,0.08571428571428572,0.03721363,0.017314967,2.1492176,0.011388298,0.004267015,6.052318,True,0.40509765659148494
chr11:34213869-34214368,chr11,34213869,34214368,NAT10,108490,far-distal,,6,35,5,0.14285714285714285,0.07333409,0.030773262,2.3830457,0.017700179,0.006367771,8.736795,True,0.4045791725317637
chr11:34653962-34654461,chr11,34653962,34654461,EHF,33119,distal,,5,33,8,0.24242424242424243,0.0875966,0.039850574,2.1981266,0.029011138,0.008660571,6.7646194,True,0.4015897060975884
chr1:199272625-199273124,chr1,199272625,199273124,LINC02789,124277,far-distal,,7,33,3,0.09090909090909091,0.05364897,0.026772019,2.0039196,0.01665967,0.0060758567,6.0879154,True,0.40135677179490975
chr3:151976147-151976646,chr3,151976147,151976646,AADACL2-AS1,48221,distal,,6,35,5,0.14285714285714285,0.05180884,0.024454195,2.1186075,0.018557413,0.0051690536,6.4327884,True,0.39630754912892974
chr15:35657793-35658292,chr15,35657793,35658292,DPH6-DT,111848,far-distal,,6,32,5,0.15625,0.058578342,0.024666825,2.3747823,0.0145874275,0.0060511692,7.26982,True,0.396191571118931
chr1:86846038-86846537,chr1,86846038,86846537,SELENOF,-68290,distal,,6,35,5,0.14285714285714285,0.05723689,0.028137067,2.0342166,0.020483688,0.005483765,6.702184,True,0.3961272963012258
chr9:109781831-109782330,chr9,109781831,109782330,PALM2AKAP2,141293,far-distal,,6,35,5,0.14285714285714285,0.041866697,0.019029522,2.2000918,0.015308661,0.003310666,8.021962,True,0.39554138450572884
chr9:115333216-115333715,chr9,115333216,115333715,DELEC1,191648,far-distal,,7,30,3,0.1,0.041003592,0.02040859,2.009134,0.015182828,0.003602204,7.1680465,True,0.39208773080259557
chr6:45590028-45590527,chr6,45590028,45590527,SUPT3H,212343,far-distal,,6,32,5,0.15625,0.052477144,0.024941782,2.1039853,0.015661914,0.0053910413,6.8289647,True,0.39090937583396834
chr12:88299395-88299894,chr12,88299395,88299894,TMTC3,157338,far-distal,,6,33,4,0.12121212121212122,0.042541254,0.015100202,2.817264,0.010481542,0.0033518844,9.564684,True,0.3906914564617204
chr1:68202134-68202633,chr1,68202134,68202633,MIR1262,18773,distal,,6,30,4,0.13333333333333333,0.06508475,0.022850873,2.848239,0.013209556,0.0061655305,8.413744,True,0.3899072009945909
chr2:164657135-164657634,chr2,164657135,164657634,SNORA70F,-30393,distal,,5,32,6,0.1875,0.061369494,0.019501679,3.1468825,0.0123135215,0.0044927904,10.91882,True,0.38801880872497957
chr20:10982607-10983106,chr20,10982607,10983106,LINC02871,-43687,distal,,5,35,7,0.2,0.052916497,0.024914645,2.1239114,0.016620124,0.0051171095,7.09314,True,0.38535863733539977
chr2:110859060-110859559,chr2,110859060,110859559,ACOXL,126737,far-distal,,6,31,4,0.12903225806451613,0.08214514,0.038076397,2.157377,0.026479792,0.007491964,7.4300075,True,0.3847843092479693
chr2:208369775-208370274,chr2,208369775,208370274,PTH2R,10333,distal,,6,31,4,0.12903225806451613,0.054505482,0.022491567,2.4233742,0.01459908,0.005388836,7.4053845,True,0.38324633525544277
chr3:178789362-178789861,chr3,178789362,178789861,KCNMB2-AS1,-70794,distal,,6,30,4,0.13333333333333333,0.070402674,0.031034783,2.2685087,0.023775602,0.0062564495,7.4526415,True,0.38227483368168275
chr5:175842810-175843309,chr5,175842810,175843309,CPLX2,46527,distal,,5,33,6,0.18181818181818182,0.079088144,0.034400504,2.2990403,0.021120425,0.009390703,6.1728835,True,0.380189597423781
chr11:34214838-34215337,chr11,34214838,34215337,NAT10,109459,far-distal,,5,34,6,0.17647058823529413,0.07846213,0.035636436,2.201739,0.021291163,0.008153962,7.011434,True,0.3800665531365895
chr1:197290263-197290762,chr1,197290263,197290762,CRB1,89009,distal,,6,31,4,0.12903225806451613,0.045385648,0.020294417,2.2363613,0.0132864285,0.004048296,7.929069,True,0.37861717311525217
chr5:169010923-169011422,chr5,169010923,169011422,SLIT3-AS1,-2054,near,,6,29,4,0.13793103448275862,0.0710219,0.0337648,2.1034303,0.018879047,0.0074535627,6.995695,True,0.37819836677961993
chr6:100175690-100176189,chr6,100175690,100176189,MCHR2,181701,far-distal,,6,32,4,0.125,0.04100644,0.019846493,2.0661805,0.013524806,0.0048492756,5.6671624,True,0.3771106619636218
chr2:44001562-44002061,chr2,44001562,44002061,LRPPRC,5822,near,,6,29,4,0.13793103448275862,0.054660104,0.02722646,2.0076096,0.021158721,0.0044490914,7.529938,True,0.3734886955281441
chr9:134645019-134645518,chr9,134645019,134645518,COL5A1,3466,near,,5,31,6,0.1935483870967742,0.08054646,0.040215153,2.0028884,0.028412709,0.00826168,6.3103094,True,0.37347789032484896
chr4:121668430-121668929,chr4,121668430,121668929,ANXA5,-28301,distal,,5,31,5,0.16129032258064516,0.07574673,0.026946405,2.8110144,0.017926337,0.0063733924,9.072153,True,0.373349508847841
chr11:122080980-122081479,chr11,122080980,122081479,MIR125B1,-18615,distal,,6,30,4,0.13333333333333333,0.036978077,0.01835009,2.015144,0.013712939,0.0033516462,6.9414062,True,0.37178944394613306
