peak_id,chrom,start,end,nearest_gene,dist_to_tss_signed,distance_category,gene_tags,z_daigle,passes_daigle_z2,dominant_source,strength_TAM,strength_microglia,strength_myeloid,strength_other_max,selectivity_myeloid,n_cohorts,n_patients,consistency,composite_score_myeloid
chr19:44903544-44904043,chr19,44903544,44904043,APOE,-2002,near,🟢 myeloid marker,11.764792,True,TAM,0.27387157,0.0455209,0.27387157,0.09354639,2.9276552,6,39,0.8953488372093024,0.8388590008713478
chr3:4868294-4868793,chr3,4868294,4868793,BHLHE40,-110893,far-distal,,0.921865,False,microglia,0.32739317,0.34004706,0.34004706,0.33848107,1.0046265,4,44,0.7790697674418605,0.7239993292231892
chr19:48493213-48493712,chr19,48493213,48493712,LMTK3,-19727,distal,,1.3855002,False,TAM,0.3432284,0.34312794,0.3432284,0.3264976,1.0512432,4,40,0.7586206896551724,0.7233767540290438
chr19:5686968-5687467,chr19,5686968,5687467,RPL36,-3077,near,,1.4359162,False,TAM,0.29142,0.2888015,0.29142,0.28192452,1.033681,4,43,0.6777777777777778,0.6464373977979024
chr1:2205033-2205532,chr1,2205033,2205532,FAAP20,-7438,near,,0.95211095,False,microglia,0.2794532,0.27990654,0.27990654,0.27972218,1.0006591,4,39,0.6395348837209303,0.6217999497125315
chr12:53371110-53371609,chr12,53371110,53371609,SP1,-8816,near,,1.5425589,False,microglia,0.2634856,0.275326,0.275326,0.2656087,1.0365851,4,39,0.6428571428571429,0.6200124050889696
chr16:66516778-66517277,chr16,66516778,66517277,TK2,-33385,distal,,1.0731219,False,TAM,0.26986128,0.25134596,0.26986128,0.26974216,1.0004416,4,37,0.6547619047619048,0.6163119179861886
chr5:150053096-150053595,chr5,150053096,150053595,HMGXB3,52607,distal,,13.377646,True,microglia,0.044166785,0.20577608,0.20577608,0.05554105,3.7049367,4,38,0.4,0.6110229206085205
chr4:10018811-10019310,chr4,10018811,10019310,SLC2A9,-21188,distal,,0.92870605,False,microglia,0.25640193,0.26717404,0.26717404,0.26580414,1.0051538,4,40,0.632183908045977,0.6070868905248313
chr11:65418960-65419459,chr11,65418960,65419459,NEAT1,-3588,near,,1.2949994,False,TAM,0.2677703,0.26696014,0.2677703,0.26093656,1.0261892,4,35,0.6,0.5990797567367554
