peak_id,chrom,start,end,nearest_gene,dist_to_tss_signed,gene_tags,dominant_source,strength_TAM,strength_microglia,strength_myeloid,strength_other_max,selectivity_myeloid,n_cohorts,n_patients,consistency,composite_score_myeloid,shared_strength_mean,shared_rank_score
chr19:42075685-42076184,chr19,42075685,42076184,ZNF574,7458,,TAM,0.4513156,0.4005566,0.4513156,0.52655625,0.85710806,6,40,0.896551724137931,0.9131365406102148,0.4259361,0.3742130845785141
chr2:219388145-219388644,chr2,219388145,219388644,DNPEP,-11613,,TAM,0.43916175,0.40484908,0.43916175,0.5173447,0.8488765,6,38,0.9058823529411765,0.9033702654698316,0.42200541,0.37023860961198807
chr7:76379811-76380310,chr7,76379811,76380310,ZP3,-17461,,TAM,0.4362353,0.39718178,0.4362353,0.51585233,0.84565926,6,40,0.926829268292683,0.9065670578944974,0.41670853,0.36539042741060257
chr14:101947869-101948368,chr14,101947869,101948368,DYNC1H1,-16454,,TAM,0.4218556,0.39373153,0.4218556,0.47173157,0.8942704,6,39,0.8953488372093024,0.8851737768151039,0.40779358,0.36054684966802597
chr1:147599554-147600053,chr1,147599554,147600053,BCL9,58303,,TAM,0.422934,0.3739865,0.422934,0.5345504,0.7911957,6,37,0.8928571428571429,0.8803509201322283,0.39846027,0.3461342006921768
chr1:161389997-161390496,chr1,161389997,161390496,CFAP126,22370,,TAM,0.40171483,0.38402045,0.40171483,0.46966848,0.85531574,6,41,0.8809523809523809,0.8587663420609065,0.39286762,0.34505461156368256
chr19:2950572-2951071,chr19,2950572,2951071,ZNF77,5850,,TAM,0.40638357,0.36911494,0.40638357,0.46297002,0.87777513,6,43,0.8555555555555555,0.8569389883677164,0.38774925,0.3418654203414917
chr19:4328140-4328639,chr19,4328140,4328639,STAP2,-10438,,TAM,0.39901152,0.3579994,0.39901152,0.46212086,0.86343545,6,40,0.8505747126436781,0.8473556997447178,0.37850547,0.33290134370326996
chr17:77140417-77140916,chr17,77140417,77140916,MIR6516,51250,,TAM,0.45614448,0.43570447,0.45614448,0.52452093,0.8696402,5,38,0.9058823529411765,0.8963911933758679,0.44592446,0.3271770104765892
chr19:680285-680784,chr19,680285,680784,FSTL3,4143,,TAM,0.45926735,0.42491856,0.45926735,0.529311,0.8676701,5,38,0.9012345679012346,0.8980212273421111,0.44209296,0.32425694167613983
chr8:28622460-28622959,chr8,28622460,28622959,EXTL3-AS1,-78755,,TAM,0.4543219,0.4164061,0.4543219,0.5319549,0.85406095,5,38,0.8823529411764706,0.886730835718267,0.435364,0.31858090311288834
chr8:140464137-140464636,chr8,140464137,140464636,TRAPPC9,5807,,TAM,0.37335336,0.34632173,0.37335336,0.4560558,0.8186572,6,39,0.8604651162790697,0.8224257609178854,0.35983753,0.31406568735837936
chr17:8156264-8156763,chr17,8156264,8156763,PER1,4109,,TAM,0.44541907,0.40387544,0.44541907,0.5227976,0.8519915,5,37,0.9135802469135802,0.8870927060091937,0.42464727,0.3106290102005005
chr19:48714041-48714540,chr19,48714041,48714540,MAMSTR,-5435,,TAM,0.44526133,0.40039864,0.44526133,0.5120777,0.8695191,5,40,0.8735632183908046,0.875806250654418,0.42283,0.31022608280181885
chr19:47600313-47600812,chr19,47600313,47600812,BICRA,-7633,,TAM,0.36890802,0.32043773,0.36890802,0.42862454,0.86067873,6,41,0.8181818181818182,0.8073964910073714,0.34467286,0.3030025139451027
chr9:94165857-94166356,chr9,94165857,94166356,MIRLET7A1,-9850,,TAM,0.42399028,0.3924711,0.42399028,0.5019598,0.8446698,5,41,0.8809523809523809,0.8555094906261989,0.4082307,0.29824670404195786
chr1:16913764-16914263,chr1,16913764,16914263,CROCC,-7917,,TAM,0.42142248,0.39822158,0.42142248,0.5135464,0.82061225,5,38,0.8902439024390244,0.8545262678367336,0.40982205,0.29817691072821617
chr1:181105152-181105651,chr1,181105152,181105651,IER5,16702,,TAM,0.35372815,0.3316722,0.35372815,0.4436636,0.7972891,6,40,0.8275862068965517,0.7918684581230427,0.34270018,0.29800980538129807
chr19:7197904-7198403,chr19,7197904,7198403,INSR,-96261,,TAM,0.35529563,0.31901637,0.35529563,0.41012326,0.86631423,6,43,0.8111111111111111,0.7919446702798207,0.337156,0.29667945206165314
chr6:24721148-24721647,chr6,24721148,24721647,C6orf62,2243,,TAM,0.42116526,0.3863311,0.42116526,0.49441308,0.85184896,5,37,0.9166666666666666,0.8637576937675475,0.40374818,0.2953341603279114
chr16:53130643-53131142,chr16,53130643,53131142,CHD9,75902,,TAM,0.42442983,0.37734392,0.42442983,0.4892374,0.8675335,5,37,0.9047619047619048,0.8642350895064217,0.4008869,0.2940271608531475
chr19:33176669-33177168,chr19,33176669,33177168,LRP3,-17411,,TAM,0.42387274,0.38037604,0.42387274,0.5097492,0.831532,5,37,0.8809523809523809,0.8547350474766322,0.4021244,0.2931251563131809
chr7:108525602-108526101,chr7,108525602,108526101,PNPLA8,-2327,,TAM,0.41567537,0.38002086,0.41567537,0.5151474,0.8069057,5,39,0.8780487804878049,0.8444352873941747,0.39784813,0.28878331184387207
chr16:31142229-31142728,chr16,31142229,31142728,PRSS8,6751,,TAM,0.39401296,0.3901198,0.39401296,0.45176902,0.8721558,5,41,0.8795180722891566,0.826476180697062,0.39206636,0.287784356623888
chr8:140464644-140465143,chr8,140464644,140465143,TRAPPC9,6314,,TAM,0.34038717,0.31338713,0.34038717,0.40076494,0.84934366,6,39,0.8023255813953488,0.773552016879237,0.32688713,0.2868112698197365
chr3:43621791-43622290,chr3,43621791,43622290,ABHD5,-68829,,TAM,0.40793052,0.37592125,0.40793052,0.48823932,0.8355135,5,40,0.8505747126436781,0.8298786105780765,0.39192587,0.28588607907295227
chr7:139359611-139360110,chr7,139359611,139360110,FMC1-LUC7L2,18729,,TAM,0.41254568,0.37677443,0.41254568,0.5251305,0.785606,5,37,0.925,0.8543259763717652,0.39466006,0.28541844338178635
chr2:64750775-64751274,chr2,64750775,64751274,SERTAD2,97111,,TAM,0.5059399,0.4684202,0.5059399,0.5959844,0.8489147,4,37,0.9506172839506173,0.9335708053023727,0.48718005,0.2849474549293518
chr9:6681455-6681954,chr9,6681455,6681954,GLDC,35975,,TAM,0.39714956,0.37814888,0.39714956,0.4610069,0.86148286,5,43,0.8333333333333334,0.8152236938476562,0.38764924,0.2840249054133892
chr1:212608441-212608940,chr1,212608441,212608940,FAM71A,-15783,,TAM,0.4076624,0.3681574,0.4076624,0.47980222,0.84964675,5,35,0.9146341463414634,0.8495349818613471,0.3879099,0.2836419828236103
chr19:49869515-49870014,chr19,49869515,49870014,PNKP,2188,,TAM,0.4113691,0.36707163,0.4113691,0.497488,0.8268925,5,36,0.9036144578313253,0.848798035498125,0.38922036,0.28349313884973526
chr10:1048680-1049179,chr10,1048680,1049179,WDR37,-7455,,TAM,0.33138356,0.31147537,0.33138356,0.3781649,0.87629384,6,39,0.813953488372093,0.7693842915601509,0.32142946,0.2833220958709717
chr14:75258921-75259420,chr14,75258921,75259420,FOS,-19657,,TAM,0.3900889,0.37765935,0.3900889,0.43868765,0.88921785,5,40,0.8620689655172413,0.8181704683550473,0.38387412,0.28258979320526123
chr6:53547882-53548381,chr6,53547882,53548381,GCLC,3030,,TAM,0.3320437,0.30699727,0.3320437,0.3712065,0.89449865,6,41,0.8068181818181818,0.7688141031698746,0.31952047,0.28251195698976517
chr17:77958185-77958684,chr17,77958185,77958684,TNRC6C,-45802,,TAM,0.4100536,0.36768502,0.4100536,0.51813656,0.7914007,5,38,0.8823529411764706,0.8393295267049004,0.38886932,0.2815122529864311
chr7:112450202-112450701,chr7,112450202,112450701,IFRD1,27308,,TAM,0.40800735,0.36450827,0.40800735,0.50493294,0.80804265,5,37,0.8928571428571429,0.8412666405950273,0.38625783,0.2804252505302429
chr3:197736672-197737171,chr3,197736672,197737171,FYTTD1,-12631,,TAM,0.33105806,0.30612034,0.33105806,0.40560147,0.8162151,6,41,0.8068181818181818,0.7639142735437913,0.3185892,0.2779475077986717
chr16:87951327-87951826,chr16,87951327,87951826,BANP,2339,,TAM,0.39028302,0.3715647,0.39028302,0.4718664,0.8271049,5,39,0.8780487804878049,0.8200529047628728,0.38092387,0.27746042236685753
chr17:68247727-68248226,chr17,68247727,68248226,ARSG,-11193,,TAM,0.39087197,0.37246245,0.39087197,0.48597774,0.8043001,5,40,0.8554216867469879,0.8127134932811002,0.3816672,0.2769138850271702
chr17:39952938-39953437,chr17,39952938,39953437,GSDMA,-9816,,TAM,0.38021955,0.36217508,0.38021955,0.40750763,0.9330366,5,40,0.8095238095238095,0.7947285320077624,0.3711973,0.27529090642929077
chr19:1252161-1252660,chr19,1252161,1252660,MIDN,3858,,TAM,0.38608032,0.3539637,0.38608032,0.41925573,0.9208707,5,35,0.8658536585365854,0.8168799672184921,0.370022,0.273856557905674
chr19:45717223-45717722,chr19,45717223,45717722,FBXO46,-15705,,TAM,0.38573596,0.35275048,0.38573596,0.43708503,0.88251925,5,40,0.8390804597701149,0.8065860709239696,0.3692432,0.2715100347995758
chr2:42809693-42810192,chr2,42809693,42810192,HAAO,17359,,TAM,0.38971883,0.3525713,0.38971883,0.46241242,0.8427949,5,36,0.891566265060241,0.8243284489016935,0.37114507,0.2710655517876148
chr15:75451950-75452449,chr15,75451950,75452449,SIN3A,-3616,,microglia,0.46503413,0.46582904,0.46582904,0.5870424,0.7935186,4,23,0.782608695652174,0.8402875744778177,0.46543157,0.26964864134788513
chr22:46035477-46035976,chr22,46035477,46035976,LINC00899,-9142,,TAM,0.47244152,0.44061452,0.47244152,0.5287352,0.8935314,4,38,0.8705882352941177,0.8782945669398589,0.456528,0.2690562307834625
chr19:3035387-3035886,chr19,3035387,3035886,TLE2,-11999,,TAM,0.3314671,0.28572008,0.3314671,0.41610637,0.7965922,6,38,0.8352941176470589,0.7718849391095779,0.30859357,0.26831866800785065
chr13:97976183-97976682,chr13,97976183,97976682,IPO5,22758,,TAM,0.32505235,0.2894689,0.32505235,0.39878404,0.8151087,6,39,0.7790697674418605,0.7495287019152974,0.30726063,0.2680131196975708
chr9:127224687-127225186,chr9,127224687,127225186,GARNL3,-38725,,TAM,0.37861076,0.35102105,0.37861076,0.44300067,0.85465056,5,39,0.8604651162790697,0.8044828316500021,0.3648159,0.2669836953282356
chr8:134832110-134832609,chr8,134832110,134832609,NCRNA00250,-5709,,TAM,0.38613492,0.34685,0.38613492,0.46736714,0.82619184,5,38,0.8705882352941177,0.8136209882006926,0.36649245,0.2669069170951843
chr9:70418877-70419376,chr9,70418877,70419376,KLF9,4469,,TAM,0.3787864,0.34558165,0.3787864,0.42720532,0.8866613,5,35,0.8414634146341463,0.8005585097685093,0.36218405,0.2665068581700325
