cohort,patient_id,n_cells_pan_malignant,n_peaks_accessible,n_peaks_detected,included_in_pan_malignant_matrix
gbm_space,AT10,37358,271446,271446,True
gbm_space,AT11,21022,271442,271442,True
gbm_space,AT12,24340,271445,271445,True
gbm_space,AT13,15700,271439,271439,True
gbm_space,AT14,2261,267796,267796,True
gbm_space,AT15,67181,271441,271441,True
gbm_space,AT3,55653,271447,271447,True
gbm_space,AT4,45824,271447,271447,True
gbm_space,AT5,5399,271352,271352,True
gbm_space,AT6,72739,271445,271445,True
gbm_space,AT7,13463,271438,271438,True
gbm_space,AT9,78054,271449,271449,True
gbm_tme_atlas_hra004942,P101,54,79232,79232,True
gbm_tme_atlas_hra004942,P62,101,106845,106845,True
gbm_tme_atlas_hra004942,P64,250,116823,116823,True
gbm_tme_atlas_hra004942,P77,52,92687,92687,True
gbm_tme_atlas_hra004942,P78,20,76234,76234,True
gbm_tme_atlas_hra004942,P83,47,79403,79403,True
gbm_tme_atlas_hra004942,P92,55,64771,64771,True
gse138794_guo,SF11215,350,51960,51960,True
gse138794_guo,SF11956,12,20422,20422,True
gse138794_guo,SF11979,1455,35447,35447,True
gse165037,GBM12,70,17563,17563,True
gse165037,GBM4,2912,67319,67319,True
gse276177_khan_astro,GBM20,10415,543841,543841,True
gse276177_khan_astro,GBM25,50485,543815,543815,True
gse276177_khan_astro,GBM38,12513,490363,490363,True
guilhamon,GBM_4218,696,20456,20456,True
guilhamon,GBM_4250,675,11931,11931,True
guilhamon,GBM_4275,457,14830,14830,True
guilhamon,GBM_4349,504,25954,25954,True
mathewson_lupien,Wang_pair_22,638,44743,44743,True
mathewson_lupien,Wang_pair_25,46,14168,14168,True
mathewson_lupien,Wang_pair_27,893,85302,85302,True
mathewson_lupien,Wang_pair_37,116,29063,29063,True
mathewson_lupien,Wang_pair_5,509,70069,70069,True
tcga_scatac,scATAC_GBMx_09C0DCE7_D669_4D28_980D_BF71179116A4_X005_S04_B1_T1,3584,544669,544669,True
tcga_scatac,scATAC_GBMx_193F811A_D110_4C59_86B7_FFDAA205844B_X009_S04_B1_T1,2496,543230,543230,True
tcga_scatac,scATAC_GBMx_6BEE2CB6_9AFD_42A6_9C26_9C4428FBABFA_X004_S04_B1_T1,3312,544216,544216,True
tcga_scatac,scATAC_GBMx_714AA767_CACF_413D_B2FD_FE1882A80C57_X008_S03_B1_T1,15191,544712,544712,True
tcga_scatac,scATAC_GBMx_9976F952_23A5_431A_A431_01E544324A26_X010_S05_B1_T1,17978,543690,543690,True
tcga_scatac,scATAC_GBMx_99D8A126_072F_4485_8D2D_6981505460C2_X007_S04_B1_T1,5097,544645,544645,True
tcga_scatac,scATAC_GBMx_A299027D_1362_4261_95BC_DD25B12F57C2_X011_S04_B1_T1,4485,542690,542690,True
tcga_scatac,scATAC_GBMx_A90B18B6_6056_46D1_BF4E_70710236B8DD_X006_S04_B1_T1,844,360064,360064,True
tcga_scatac,scATAC_GBMx_ED12A6C9_D96E_49C4_B882_6382A5FB4538_X003_S05_B1_T1,645,320138,320138,True
