gene,log2FC_invitro_vs_exvivo,exvivo_mean_log2TPM,invitro7d_std_mean_log2TPM
TNF,-1.322729887896024,7.090635247038154,5.76790535914213
HSPA6,-4.523143824942104,6.149056370344629,1.6259125454025245
DOCK4-AS1,-1.6909043455041155,2.1774071579099936,0.48650281240587806
CAPNS2,-2.267761042402032,3.134385964546738,0.8666249221447062
LINC00854,-0.9525256690027493,4.242141609851848,3.289615940849099
FCGR1CP,-3.7203315579953493,5.116315666274912,1.3959841082795623
TLR1,-0.49281867823258096,6.160425462334975,5.667606784102394
PARP15,-1.1546498590960674,2.978988323795992,1.8243384646999246
LOC100419170,1.3818926882651117,3.681356829752563,5.063249518017675
PTCRA,-1.3997882658259422,3.4821037006759887,2.0823154348500466
ANKRD22,-3.0311894237174135,4.347491399233327,1.3163019755159138
FAM157A,-1.447606114479345,2.037490764911011,0.589884650431666
TCTEX1D4,-3.2147662041262315,4.447942664149093,1.233176460022862
CLEC7A,-1.4389358816672049,7.1655439895910895,5.726608107923885
NAIP,-1.9976808259724461,3.480203235024231,1.482522409051785
FAM157C,-2.3514033771888307,2.4333907253977247,0.08198734820889393
ACPP,-0.6905018146380559,2.9131034119258294,2.2226015972877735
FCGR2C,-1.834490752324917,2.897598748040434,1.063107995715517
NAPSB,-5.736726732380804,6.051489648995474,0.31476291661467065
HELB,-1.1392247868338043,2.0065221269998124,0.867297340166008
HAVCR1,-2.3906265386329473,2.805176572500908,0.41455003386796047
TFEC,-0.6629509824627791,5.010519628922598,4.347568646459819
MMRN1,-4.52304046368897,4.572985212864403,0.04994474917543267
ANP32A-IT1,-1.6763630353691052,2.758756520894376,1.0823934855252708
VENTX,-1.2743666676516514,3.2159075412893148,1.9415408736376634
TLR5,-3.4221218979717865,5.291077099576797,1.8689552016050104
TMEM106A,-0.7100604071881058,5.687047962548398,4.976987555360292
LOC101927730,-2.602325417745901,5.47705959082326,2.8747341730773592
IFNLR1,1.1532272926255303,2.9298265137778223,4.083053806403353
TLR6,-1.4151342752342377,5.098439354571509,3.6833050793372712
FAM177B,-4.031748776566893,4.0678678359303655,0.03611905936347284
FCGR1A,-2.5312773206823294,5.1734907605975256,2.642213439915196
C9orf66,-1.696605516214547,2.8622088202421003,1.1656033040275533
BNC2,-1.5811510615691813,2.7099161667953346,1.1287651052261534
CDCP1,2.9436783548891534,2.6953380838782217,5.639016438767375
TNFSF18,-3.793401124151787,3.9302773729871703,0.1368762488353834
TLR7,-3.0720152338430586,6.160443188391832,3.088427954548773
FCAR,1.0833899344389937,3.544571093738981,4.627961028177975
TREML1,-4.841561376255164,6.0940154612376745,1.2524540849825103
LINC01468,-1.7542001643791336,2.225364099929943,0.4711639355508092
MS4A14,-0.238371048453212,4.758208543423714,4.519837494970502
LOC148696,-1.7784272440657745,2.3675297518200775,0.589102507754303
PTGER4,0.37511917399061545,4.79820881353285,5.173327987523465
CIITA,-5.383860031361901,5.512948817348724,0.1290887859868239
SIGLEC9,0.5926269537055227,5.415366633875901,6.007993587581423
C2-AS1,-0.23393618541660421,2.4495027603500428,2.2155665749334386
TLR2,1.0429642057962907,7.157850454991247,8.200814660787538
LOC105375218,-2.6440287326545118,3.7659284965185607,1.1218997638640489
GPRIN3,-0.3651740098248939,4.143632080118091,3.778458070293197
TLR3,-3.143190188246159,4.828789746126964,1.6855995578808052
CELF2-AS1,-2.7420198240302276,3.7322582835781346,0.990238459547907
XIRP1,-2.6668443861613627,2.776825021680963,0.10998063551960041
KLHL6,-1.2145863013483669,4.963285054707266,3.7486987533588993
SIGLEC14,-1.6292102815533083,5.917879797895199,4.288669516341891
TLR8,1.8523534947593672,3.5086057580532395,5.360959252812607
CLEC5A,3.7267173771767528,2.2979266661019695,6.024644043278722
DLEU7-AS1,-3.6227117850287045,4.142097509779885,0.5193857247511801
SLC11A1,0.08214277397781977,7.230115438853152,7.312258212830971
AS-PTPRE,-0.4576727605248734,2.219787391157744,1.7621146306328708
HIST1H2BG,-4.10121298885192,4.284189578677386,0.18297658982546627
SIRPB2,-1.5285353800924009,5.007222781832712,3.478687401740311
LOC100129083,-4.228326936157298,6.280270480563584,2.0519435444062855
SIGLEC7,1.3377268480963518,3.2790189869921886,4.61674583508854
CSF2RB,-1.1048938252062817,4.881339747572418,3.776445922366136
LOC101927069,-2.624311256203905,4.2955447656167305,1.6712335094128254
PTPRC,-0.566513336382581,7.941748081050135,7.375234744667554
SCIN,-0.9273277106839988,6.0366511449650515,5.109323434281053
KIR3DX1,-2.2271396002709216,2.631059930788489,0.4039203305175672
ARRDC5,-3.2774257368438784,4.395298995332012,1.1178732584881335
CD84,-1.9262246993121597,6.834622750575327,4.908398051263167
GPR65,0.5876603036421328,3.3211875787163696,3.9088478823585024
SLC37A2,-0.3984899969069815,5.532307090904207,5.133817093997226
TMEM236,-1.9672580639264523,2.5716607184185807,0.6044026544921285
FGF20,-3.757353139996569,4.089842387321345,0.33248924732477575
MAMDC2,-3.2899392752801186,3.819345387852905,0.5294061125727866
CCR5,1.9009031357892026,3.354609788916788,5.25551292470599
LINC01160,-2.722256103317243,3.3170858979128948,0.5948297945956519
C9orf106,-1.9735441079556832,2.4027020321836496,0.42915792422796634
MSLN,-3.237836323974481,4.2626068327243045,1.0247705087498233
F2RL1,-1.6514186590274325,3.2618567096935926,1.6104380506661602
LINC01410,-2.591564728032697,3.5826513332693826,0.9910866052366855
TLR10,-5.1813249344536825,5.425877126568288,0.2445521921146053
AANAT,-4.618688159900844,4.773474241410832,0.15478608150998815
FKSG29,-1.572619156073174,2.08140895972152,0.5087898036483461
HIST2H2AC,-3.0029025680855654,3.2258146956085003,0.22291212752293485
RPGRIP1,-1.3551133237071782,2.485842138475828,1.1307288147686498
TNFSF8,-2.5384311866326197,3.672458564959781,1.134027378327161
SIGLEC11,-1.2111080812583261,4.426706348987626,3.2155982677292996
CXorf21,-1.0756745146639828,4.869474415155174,3.793799900491191
LOC102724323,-0.5448790196674325,4.136949914261959,3.5920708945945266
FCGR1B,-3.53033592488339,4.403866507453357,0.8735305825699675
HPSE,-0.7185298371247253,4.497971453829887,3.779441616705162
LY75,-1.7584254721838248,4.358824354615812,2.600398882431987
CD180,0.33866697793539213,4.873078631640829,5.211745609576221
ADAM28,-2.668814416777632,7.4599002823422795,4.791085865564647
IL10,1.1925063919770578,2.558051789190333,3.7505581811673907
FRRS1,-1.1847165797096664,2.2360885040700857,1.0513719243604194
CMKLR1,0.29353520481433737,5.048257862801335,5.341793067615672
IGSF6,-1.981400897591442,6.847995625351266,4.866594727759824
S100Z,-3.0314982560370085,3.0865608418305217,0.05506258579351329
LINC01907,-1.7446642271234598,2.1708101404985247,0.42614591337506497
CLEC17A,-3.7102103383532152,3.991334417277596,0.28112407892438107
REL,-2.335345141811564,5.3397025683502095,3.0043574265386455
MRC1,0.7210436120439789,6.041873602910321,6.7629172149542995
ITGAL,0.0016032381904853565,5.3425336366696206,5.344136874860106
MS4A6A,-2.955634895122698,5.3112489875615,2.355614092438802
RUNX1,-1.0228703927943368,5.960668295856887,4.93779790306255
CCL3L1,0.6141619729981294,9.12746482256202,9.74162679556015
LILRB1,-0.5314856242112507,6.27625375950274,5.74476813529149
EBLN2,-1.9889653644580578,2.6821569903643785,0.6931916259063206
C20orf197,-2.745803493748562,3.208021134101086,0.46221764035252394
PDCD1LG2,-0.8764620165943224,3.426754996775193,2.5502929801808705
BMF,0.4880383593087725,4.168066754120038,4.6561051134288105
LINC00264,-2.6483243120360456,3.0261812251021376,0.3778569130660918
ANKRD36BP1,-0.08179516267801201,4.625432195139925,4.543637032461913
CCL4,0.4759499700945131,8.985047342214607,9.46099731230912
RGS1,-4.54048473081527,9.738994252529308,5.198509521714038
TMEM150B,0.9615746528828195,2.2902436477829924,3.251818300665812
SPTLC3,-2.328737389759081,3.247829316537634,0.9190919267785534
RAB39A,-0.18540777827417942,3.8032852341844414,3.617877455910262
HSPA7,-2.4709029005081535,3.727537163622664,1.2566342631145107
CCL3,0.7045654404301054,9.318038242929418,10.022603683359524
FCGR3B,-1.208461662209488,2.2522127366931914,1.0437510744837035
SIGLEC16,-0.33996810672722644,2.353812708839319,2.0138446021120924
SPN,0.9003531885917502,3.9676292519028102,4.86798244049456
CCR1,0.7151305024703971,6.779763245413168,7.494893747883565
CD300LB,-1.1000916153550775,2.3764577595033045,1.276366144148227
LINC01909,-2.0731836759017512,3.9070564831819365,1.8338728072801853
LOC101929331,-0.9456047860975896,4.56104833859079,3.6154435524932
ANKRD44-IT1,-1.8387033522569765,2.0421689250884145,0.20346557283143807
RUNX2,-2.3513973447435927,5.1965919755018914,2.8451946307582987
RHOH,-0.385165984714785,3.227463747164491,2.842297762449706
TAGAP,-2.8113333506780367,5.938687867630478,3.1273545169524417
CLEC19A,-0.6473565861079857,2.3601949463027885,1.7128383601948027
DAPP1,-1.051577517684084,3.8672883891108896,2.8157108714268055
ADAMTSL4-AS1,-3.1564133573798707,3.6680683296906462,0.5116549723107756
CD69,-4.08190900394003,4.379002759401753,0.297093755461723
ATP8B4,-1.1083080511735375,5.7013241910400945,4.593016139866557
LINC01480,-3.758501447782871,5.697433509123505,1.9389320613406344
OSM,-2.222986812504014,5.083331719194411,2.860344906690397
TMEM154,-3.0607039563269476,3.283057907004892,0.22235395067794453
HIST2H2AB,-2.699105789586218,2.735224848949691,0.03611905936347284
C5AR2,0.9695547370883677,4.456781937600156,5.426336674688524
ZFPM2-AS1,-0.43763841433814665,2.01416794432395,1.5765295299858035
CD300LF,-1.70949316469066,3.834022344145501,2.124529179454841
IL1A,-0.45162717082468795,3.5982139842513736,3.1465868134266857
TBC1D3P1-DHX40P1,-0.5263320021091467,3.355152925532425,2.828820923423278
CD300C,0.06604831317575499,4.30728107429113,4.373329387466885
LOC729737,-3.428913485844573,4.791426732943296,1.362513247098723
KCNJ5,-2.2140977879452457,3.5445989841208725,1.3305011961756268
RIPK3,-0.1648971150223968,4.437441452849872,4.272544337827475
PTGER4P2-CDK2AP2P2,-2.5357072145018558,2.626315059876061,0.09060784537420515
WDFY4,-1.1681604913149872,5.309565643088577,4.14140515177359
C5orf58,-1.8305491596499044,4.498517139945318,2.6679679802954137
B3GNT5,-3.3803737359926314,7.047768493449378,3.6673947574567465
CTLA4,-1.7239404480153988,2.344957436693577,0.6210169886781781
PTAFR,-1.4858780223131216,6.727690987521281,5.241812965208159
ADGRE2,-0.014136753439451866,3.547357289584929,3.533220536145477
CYBB,-1.1204044384876415,8.456325748664453,7.335921310176811
GPR34,-3.2655665599775494,8.961436550153513,5.6958699901759635
SERPINB9P1,-3.435445351512573,4.192098693894397,0.7566533423818239
CACNA2D4,-0.3383714325329823,2.6890125427069687,2.3506411101739864
CD226,2.6123858017361097,3.0339315244323184,5.646317326168428
ARL11,-0.22639669688269626,2.9396632495436363,2.71326655266094
NABP1,-0.2250539241511822,5.041577994458315,4.816524070307133
PIK3CG,-0.5488184222586385,4.4111717423604775,3.862353320101839
LOC100506142,-1.1757796293133491,2.715717473336584,1.5399378440232347
GPR84,2.8546592848388275,3.7650719275766735,6.619731212415501
PSTPIP2,-0.7602298312722877,3.7601217997370875,2.9998919684647998
ALPK1,-1.4410888725177924,4.787220243916594,3.3461313713988017
LILRA2,0.10706567291880198,5.348629820086825,5.455695493005627
SCIMP,-0.99704265026118,4.559230347792954,3.562187697531774
CCL3L3,-0.169305645613262,8.156073475615246,7.986767830001984
HIST2H2BF,-1.953950903037389,2.1693353825806483,0.21538447954325926
CD86,-1.1869257803498456,6.812686229091578,5.625760448741732
SP140,-0.4639504066577911,3.3620646105604153,2.898114203902624
TMEM156,-5.166373282871757,5.803481291694218,0.6371080088224603
RNASE2,0.45519196218282776,4.058941118652357,4.514133080835185
PIK3R5,0.8964911144551735,6.392269803483766,7.28876091793894
PLBD1,-0.4988513888586934,4.265944434878135,3.767093046019441
LOC101928304,-3.6119844186050143,4.347437473228771,0.7354530546237568
ITGB3,1.5488972868087187,3.169998051154361,4.71889533796308
TTN-AS1,-1.6072458754065178,2.6253464831629785,1.0181006077564607
SERPINA1,0.9858679977573139,6.1619631321148916,7.1478311298722055
DPRXP4,-1.2323516841374236,4.009691453499583,2.7773397693621593
TRPC2,-0.9066672849575315,2.2351133995856776,1.328446114628146
SLFN12,-0.4224320849383685,2.9590185097238426,2.536586424785474
FPR2,2.2447203722759514,1.9559288050425152,4.200649177318467
SUCNR1,-0.5862205937194749,3.455522896259597,2.869302302540122
LINC00578,-2.3131093950614514,2.377384529578915,0.06427513451746374
MB21D1,-0.7047185866085073,3.8134094041158324,3.108690817507325
RBM47,0.6307222467526916,5.0985207541624655,5.729243000915157
DOCK11,-0.1744959313860015,4.58247997699586,4.407984045609859
MS4A7,1.3223213339208897,7.274724921553737,8.597046255474627
PIK3R6,-1.9335526067206215,4.5067782520723805,2.573225645351759
APOC4,-2.604037190091119,2.6803613800111723,0.07632418992005359
ACSM5,-3.6794367507021555,5.143254498497463,1.4638177477953072
SAMSN1,-0.08443072680636554,6.9695351502643605,6.885104423457995
C3AR1,0.2013728416488334,7.719897020556618,7.921269862205452
PLXDC2,-2.6829269288050392,7.145206798739564,4.462279869934525
OCLM,-1.2315854962168817,2.182593515243705,0.9510080190268231
SFT2D2,-0.17866119767108923,4.461714323692959,4.28305312602187
ARL5C,-2.4252592688357972,2.584657688148852,0.15939841931305493
CEACAM21,-2.4904293073765658,4.127512646258553,1.6370833388819872
ELF4,-0.5004250026804744,4.731468985072679,4.231043982392205
FCGR2A,-1.7130648706261908,7.106364695234219,5.393299824608028
DOCK8,-1.5395635238591447,6.912147300301964,5.372583776442819
C16orf54,-0.813516640580394,3.6097900055302614,2.7962733649498674
LAIR1,-1.3632618496426634,7.521360157810352,6.1580983081676886
AOAH,-3.5528035799541238,6.6780532136562245,3.1252496337021007
MS4A4A,0.459867991704642,4.993128429301481,5.452996421006123
SLC16A5,-0.7266114241958186,4.037411581587393,3.3108001573915744
CPED1,-2.130000246184957,4.643012095889666,2.5130118497047085
IL1RN,0.9489919679033192,3.7333718786625805,4.6823638465659
CLDN7,0.2190504966154041,3.560487967642514,3.779538464257918
CPVL,-2.762097773369476,7.0884009903509115,4.326303216981436
FPR1,-0.059408152703449346,8.380639711514611,8.321231558811162
SNX20,0.48001851889345426,3.2921654615463325,3.7721839804397868
CCL4L2,-0.14251157421664828,10.108048099889116,9.965536525672468
SYTL3,-0.5221035177931759,3.684386750737962,3.162283232944786
PLAG1,-2.1741668477119145,3.6658414103014962,1.491674562589582
BTK,-1.037500386831539,5.842697496133055,4.805197109301516
ALOX5,-0.8357688238066698,6.957289266978953,6.121520443172283
SAMD9,-0.20845534087557338,3.6283982210005017,3.4199428801249283
HLA-DRB5,-4.708272124564143,6.84746955010139,2.1391974255372466
BTBD19,-2.287010741284541,5.145436874812959,2.8584261335284182
FGD2,-3.2352463949018286,7.787657955247512,4.552411560345683
LOC100506691,-1.1943276364087785,2.202280524568387,1.0079528881596085
OR52N4,-2.2610138043113985,2.400662667918769,0.13964886360737047
CD33,-0.9198593310217467,5.499854458857705,4.579995127835958
CCL4L1,-0.1621396665769499,9.750171660905641,9.588031994328691
ABCB4,-1.0962894894589004,2.82689714731945,1.7306076578605498
DIP2A-IT1,-0.9936974272583452,2.266910662363147,1.273213235104802
GHRL,-2.92529388260726,3.9924017593903347,1.0671078767830746
GAB3,-2.281944321274271,5.461925244108038,3.1799809228337668
ANKRD18DP,-2.098373117907012,2.4395858768583456,0.34121275895133324
PARVG,-1.7730052825009377,6.704100101566641,4.931094819065703
MNDA,-2.1788974453728613,6.401636055044405,4.222738609671544
SIGLEC8,-4.724609447866484,7.778486005291657,3.053876557425172
HLA-DMB,-5.646940023419614,7.836513194545664,2.189573171126051
COL8A2,-1.6291796939927252,5.288351475027639,3.659171781034914
CTSC,-0.7672910336137431,7.733877357265031,6.9665863236512875
MSR1,2.8509237497535507,5.821674304388266,8.672598054141817
PLA2G7,2.483951014969837,3.8686689686523668,6.352619983622204
CATIP-AS1,-1.3540554109561216,3.0027128592549786,1.648657448298857
C19orf35,-0.3409591447636968,3.086327622880787,2.7453684781170904
FGL1,-1.5795022233342728,3.386328578869144,1.8068263555348711
SIGLEC10,-4.35486622883434,7.79593676131831,3.4410705324839697
LILRA1,-1.2926570396527768,4.406749467469475,3.1140924278166984
EGR2,-5.111445324934424,6.909178841022288,1.797733516087864
RNASE3,-1.0465825490504723,2.527239856846576,1.4806573077961038
PSMD6-AS2,-1.5940636375057906,2.695541481686808,1.1014778441810176
CYSLTR1,-3.354438123792493,3.6934303241435775,0.3389922003510843
HAVCR2,-1.1048596774964965,7.804493339094209,6.699633661597712
ZNF121,-1.5501118448594626,3.9037339456230584,2.353622100763596
IL10RA,-0.5254203999860669,6.907327501931775,6.381907101945708
LPCAT2,-1.0060451429893789,7.103167200566202,6.097122057576823
ZNF321P,-1.553451308305758,2.8061139825028616,1.2526626741971036
DOCK2,-0.5301233381685062,5.942694637031736,5.41257129886323
LOC153684,-2.1339344221494816,3.0739860803373555,0.9400516581878738
VSIG4,0.7748095339672059,8.80596924536201,9.580778779329217
CD274,-2.6689606458744732,3.661661128756823,0.9927004828823499
LOC101929798,-1.4003864629182459,2.4154494753291966,1.0150630124109508
TIGD4,-2.745449608292328,2.904483774036452,0.15903416574412432
IL18,-2.5676963085657922,6.742213425392005,4.1745171168262125
PCED1B-AS1,-3.5148211870783044,4.0498950219192364,0.5350738348409322
TNFRSF10C,-1.4141249677252026,2.8226230114861814,1.4084980437609789
CYTIP,2.022122278514516,4.14516237950733,6.1672846580218454
NFATC2,-1.8161796816265303,4.874360130880631,3.0581804492541007
CCRL2,0.440762617712644,3.489583041527205,3.930345659239849
STAB1,-0.79902322758271,8.277254508492659,7.478231280909949
BLNK,-3.1429044913141633,6.523527056647354,3.3806225653331907
PLEK,-0.356112921483434,6.814873076883799,6.458760155400365
LRP1-AS,0.24386065542012325,3.6114263259212027,3.855286981341326
MICB,0.8342023148245747,3.209470070471715,4.04367238529629
LRRC25,0.986752808345476,5.3901384474616165,6.3768912558070925
TGFBR1,-1.5893426735147012,6.947865040918715,5.358522367404014
MIS18BP1,-1.8720325040032848,5.519951540223331,3.647919036220046
RGS18,-3.942642110367975,4.705055259519415,0.7624131491514395
LOC101929117,-1.9976018922266487,2.0550977307300267,0.05749583850337802
EBI3,-1.486915460250846,6.648881225247885,5.1619657649970385
TNFRSF13C,-5.414567000188143,5.435274237490742,0.020707237302599164
TMC8,-1.8733912752448845,6.258508313360636,4.385117038115752
GPR183,-0.4472435754973718,6.842796295882337,6.395552720384965
HIST2H2BA,-1.6825937571582008,2.5533703532309633,0.8707765960727626
MILR1,-0.7969003215113872,6.3890157566445565,5.592115435133169
HLA-DOA,-5.192813992069961,5.282611757521778,0.08979776545181666
NCF4,0.0999176098077319,6.262076222368571,6.361993832176303
APOBR,1.5778850547568655,3.39508694832991,4.972972003086776
MPEG1,-0.18456864556925545,6.205685915437265,6.02111726986801
LOC101928429,0.1415268423923619,4.278730561412944,4.420257403805306
C3,-3.5915181629589368,11.054417287218564,7.462899124259628
ZNF816-ZNF321P,-1.4545025206976374,2.7347128237305003,1.2802103030328629
RASGRP4,-0.8543838440752451,4.74214151593939,3.887757671864145
IL6R,-2.502138957233055,6.520199583748905,4.01806062651585
C2,-0.10043688347649216,6.540805680045616,6.440368796569124
ADORA3,-1.7584987102201701,7.270915966312121,5.51241725609195
SP140L,-1.7951450894230936,4.3921820643233795,2.597036974900286
NFAM1,-1.3346044751323731,5.0915707751351285,3.7569663000027553
LILRB4,-1.147637707791585,7.997539177320242,6.849901469528657
BMP2K,-1.50615791138193,6.445775731452624,4.939617820070694
NCKAP1L,-0.3088740763348916,7.109096127075007,6.800222050740115
CARD11,-3.1817145367727155,5.349640425182344,2.167925888409629
FAM60A,-1.0803767344885946,3.4547281300515693,2.3743513955629747
TNFRSF11A,-0.8094626465496968,3.6266974551788276,2.817234808629131
SLC2A5,-3.7560201616013034,9.093368459820558,5.337348298219255
IKZF1,-1.8338855242395402,5.882367463487988,4.048481939248448
SH3TC1,-2.372784801288536,7.065685414974865,4.692900613686329
RAB38,-0.9540192685055657,2.234051982983339,1.2800327144777734
USP6,-2.1126107919091353,2.4034220957973695,0.29081130388823423
VAV1,-0.44053609949183326,5.9295327500031325,5.488996650511299
GAPT,-1.7213613815341962,2.307282609258838,0.5859212277246417
BCL2A1,2.2269975877493478,4.242409714970398,6.469407302719746
IL12RB1,-0.9539578683017571,3.583437426258838,2.629479557957081
M1AP,-3.269183239093331,3.8248018510577904,0.5556186119644594
ITGB2-AS1,-2.3709552784479175,5.603613160409527,3.232657881961609
NRROS,-0.682455743582949,6.3011093904751165,5.6186536468921675
TRAF3IP3,-0.9678945502402763,4.394944348243143,3.427049798002867
FCGR3A,-1.6976291639735814,8.016000620195516,6.318371456221935
STK26,0.009676269548479333,2.63249845450116,2.642174724049639
MYO7A,-1.749168181790537,4.8568190425764195,3.1076508607858826
CSF1R,-3.2055349410121066,10.63714271316613,7.431607772154023
TNFRSF10A,0.4555362253712092,2.797698286563414,3.253234511934623
DDX60L,-0.2542028398580962,4.447733645627214,4.193530805769118
SLC7A7,0.3589804238088048,6.595314194968466,6.954294618777271
ACKR2,-3.667662282828608,3.7589969382283024,0.0913346553996942
MKNK1-AS1,-2.573076440409569,4.908842839107538,2.335766398697969
ZNF90,-1.1332992190370943,2.092220134674248,0.9589209156371536
CD300A,-0.7267310420720676,6.663442169118521,5.936711127046453
PTGS1,-1.8260334990004425,6.376052917970747,4.5500194189703045
SLC2A9,0.058023609497531936,2.9965041855805343,3.0545277950780663
ADPGK-AS1,-1.3553406026593235,3.012941641162763,1.6576010385034394
SLC1A5,-0.8630178667953698,6.696802647541531,5.833784780746162
ITGAX,-1.3051102780548627,8.272172414456769,6.967062136401906
NFKBIZ,-0.26007502944118865,5.6653023016081505,5.405227272166962
CASS4,-3.369396027134912,4.601072248465118,1.231676221330206
CTSS,0.7085397685326491,7.004745074356307,7.713284842888956
TRIM34,-1.2168614176343664,4.027459125550096,2.8105977079157296
RHBDF2,-3.561483619175438,8.59955980497146,5.0380761857960215
SRGAP2B,-2.4121116397682405,2.8371711718997052,0.4250595321314647
LINC01176,-2.0987605545812746,5.420446445469245,3.32168589088797
CH25H,-1.257568446287821,8.954605232112597,7.697036785824776
LPAR6,-1.6491057587488775,7.686229468748119,6.037123709999242
TBXAS1,-2.4514373204814035,7.78509505610689,5.333657735625486
ST8SIA4,-1.0872900068648574,5.224368250212153,4.137078243347296
ITGA9,-2.4175443551709925,3.5283633847751403,1.1108190296041476
BMS1P4,-1.6221804510843343,3.54707762256847,1.9248971714841356
ITGAM,-2.3326004670525693,7.026077357046876,4.693476889994307
CISH,-1.3247430078741964,3.165611178500788,1.8408681706265917
CEP295NL,-1.1997270453831914,2.220769658641707,1.0210426132585158
PLA2G4A,-2.2496467117220655,4.599975660726305,2.35032894900424
PRAM1,-1.7606207247946983,5.909629354823193,4.1490086300284945
EMB,-2.9742040221298263,4.937716843232754,1.9635128211029276
ADGRG5,-2.8641081151482535,2.897657014447842,0.03354889929958873
ADCY7,-1.8815259684587318,7.008445677456378,5.126919708997646
NUAK2,-2.5243781689409497,3.2562309612907594,0.7318527923498097
MAP3K8,-0.5523797088305251,5.414212365851157,4.861832657020632
RBM12B-AS1,-1.5149213977893998,2.289900997994878,0.7749796002054783
IRAK3,-1.3731380556667254,5.430148430769992,4.057010375103267
PIK3AP1,2.004742673608959,5.8601552185228405,7.8648978921318
LOC101928517,1.2649937141885537,2.1806594590401414,3.445653173228695
TOR4A,-0.09547615922624253,4.817674654277281,4.722198495051038
TRIM6-TRIM34,-1.0249193465059694,3.555924618786472,2.5310052722805025
ADRB2,-4.903271240590314,6.2411221123387755,1.3378508717484616
PATL2,-1.2727035693261552,2.5188096965474314,1.2461061272212761
LOC102724297,-0.8373926533663427,3.468727281601435,2.6313346282350922
ITGB2,-0.9405349204523263,8.882714707511361,7.942179787059035
P2RY6,0.9282779271159223,3.915005836796464,4.843283763912386
NRIR,-1.965012675420116,2.5816054541289755,0.6165927787088593
LINC01268,-3.6024836589086338,5.1085199000816015,1.5060362411729675
FCGBP,-0.0008561264709987526,5.7382225768241035,5.737366450353105
CD14,2.9730179220406665,9.067579994421862,12.040597916462529
C10orf55,-0.6682156822266994,2.207701761495072,1.5394860792683727
LINC00671,-2.3509801851365038,2.390211866026422,0.03923168088991819
RASSF1-AS1,-2.0685107057040266,3.9626666557650947,1.8941559500610683
TAL1,-4.0781200156877215,6.738795672340209,2.660675656652488
TMPPE,-0.6523005421651238,2.5872067027920895,1.9349061606269657
NCF2,2.0283592894010436,5.405538886894521,7.433898176295565
GPR132,-1.5548068923551832,4.892347790057868,3.337540897702685
BIN2,-1.259110559771087,6.902608168706884,5.643497608935797
ERN1,0.4249431199467404,2.2521277331435754,2.677070853090316
KCNK6,-0.47927531790753886,4.212369530585408,3.7330942126778695
DIAPH2,-0.7996283905249348,4.004402662496482,3.2047742719715475
LOC101927954,-0.540906853250879,2.431679954011013,1.8907731007601338
KCNK13,1.0582952015803198,4.255923867842106,5.314219069422426
ZNF124,-0.9799276719974852,3.596858514867685,2.6169308428702
HHEX,-2.7132682620495383,5.784812574679919,3.071544312630381
LPAR5,-2.2284649381585,7.603383215104408,5.374918276945908
PRRG4,-1.358329574433275,3.9769086445860746,2.6185790701527996
ARHGAP25,-1.4655203516176742,5.761250511733284,4.2957301601156095
OTUD1,-2.870360906097634,7.76402619939308,4.893665293295446
PLCB2,-2.574902905506592,7.8969889306901395,5.322086025183547
NCF1,1.5668232784497915,2.894017197527866,4.460840475977657
IRF5,-0.6826836677446435,7.0110012360097285,6.328317568265085
THEMIS2,0.12178187546052044,6.713353223041147,6.8351350985016674
LINC01150,-1.1102589632679873,2.8878005915052847,1.7775416282372973
KBTBD12,-2.9561350584974413,4.334078259929999,1.3779432014325577
SOCS6,-2.4862056438925375,7.029939651520366,4.543734007627829
CYTH4,-1.3263841673892482,7.21580012421309,5.889415956823842
LOC399715,-2.2438724576681435,2.9087591309403984,0.664886673272255
ERP27,-2.200742230764236,2.473208187453623,0.2724659566893868
LOC105369438,-1.5682704730010808,3.509340349805079,1.9410698768039982
IKBIP,-0.293509041328484,3.528529429115487,3.235020387787003
OLFML2B,1.3388291444597327,5.027868479771901,6.366697624231634
LOC100507006,-5.159588448016178,5.888085854829673,0.7284974068134952
ABCC4,-1.432382415481114,5.410035928018115,3.9776535125370014
SIGLEC5,0.9306646932333695,2.7592380817941575,3.689902775027527
EVI2B,0.6086399358121604,6.9265977268136005,7.535237662625761
TRIM38,-1.3187569988387624,5.643321023426598,4.324564024587835
HIST1H3D,-2.034590078346115,2.304211065610253,0.2696209872641376
UHRF1,-1.024571615426735,2.2909963467159127,1.2664247312891777
C11orf45,-0.9781976461065542,3.2634570184375775,2.2852593723310233
PLVAP,-5.795704324767461,6.5605645944184765,0.7648602696510162
TFCP2L1,-0.657574053070709,3.031677873901303,2.374103820830594
SLCO2B1,-3.0825321580798564,9.802160917782167,6.719628759702311
RASAL3,-1.5452972783951573,6.307133963222806,4.7618366848276485
LOC101929719,-1.4308889576637056,2.169176200518094,0.7382872428543883
LNPEP,-0.7177169631372982,3.8724149138259905,3.1546979506886923
TMEM255B,-0.27254790084133873,4.355948967228309,4.08340106638697
SYK,-0.8756463690299165,6.499578432533706,5.62393206350379
LHFPL2,0.22772041586374314,7.732980167683988,7.960700583547731
ZC3H12D,-0.5796349156011775,3.2475767599747534,2.667941844373576
LILRB2,1.712413561609298,3.529763429035158,5.242176990644456
DENND2D,1.7574801102232342,2.61887955243309,4.376359662656324
SELL,-4.339923965498781,4.557331780949035,0.21740781545025392
LILRB3,2.714904342633627,2.538173543447707,5.253077886081334
FGL2,-3.5568894549257295,6.05896926291307,2.5020798079873408
LOC374443,-0.21754326344402486,3.520295781106222,3.302752517662197
C1orf112,-2.5499651351337143,4.3668588503198835,1.816893715186169
SASH3,-0.14429422294000016,6.444284122489542,6.299989899549542
LCP2,-1.2920948749304682,6.086045645820076,4.793950770889608
LOC100506178,-0.23831613707542854,2.788687297318211,2.5503711602427823
LOC105372397,-3.58144087809766,4.03881501699322,0.4573741388955597
ARID3A,-0.3620085710651093,4.775016869886972,4.413008298821863
MYO1F,-0.6571230120741411,7.28968044798729,6.6325574359131485
PLCG2,-1.1201699293741485,4.837058224455044,3.7168882950808952
FAM129A,-1.595627203298808,3.8500723095248777,2.2544451062260698
HIST1H2BF,-1.3201767506763677,1.9713123508747117,0.6511356001983438
CSF3R,-4.495548306650457,8.22163473951385,3.7260864328633923
NLRP3,-2.215264623971044,5.8432358023534094,3.6279711783823654
ARHGAP30,0.36905193823423676,5.96905378298143,6.338105721215666
CARD9,-2.5534790413459123,5.864953614665505,3.3114745733195927
TRIM22,-3.154811772344786,7.352153708544015,4.197341936199229
SOAT1,0.610744149477533,5.481336715352248,6.092080864829781
CHEK2,-1.5335942248906853,3.235793928669261,1.7021997037785759
DSC2,0.06638700416364163,3.7346910699951876,3.8010780741588293
ZNF217,-0.47630971321310955,4.961499122116373,4.485189408903263
PPP4R1L,-0.605088274432587,2.5220474073389623,1.9169591329063753
HK2,0.12438002169956963,5.734130215513253,5.858510237212823
P2RY13,-5.353826104552013,7.826741408672234,2.4729153041202214
LOC102724163,-1.8926782078085023,2.409340375839306,0.5166621680308039
ADAMTSL4,-0.5937315502942755,4.2124034765313505,3.618671926237075
CD53,-0.5292910320169071,8.882858024988588,8.35356699297168
RNASEH2B-AS1,-2.79628404484592,3.074788665035529,0.27850462018960925
LOC101927865,-1.8588731015864064,2.2682131891446913,0.4093400875582849
HCK,0.9392744000325397,6.834284097438446,7.773558497470986
OLR1,-2.032427727010913,8.889830937285877,6.857403210274964
STEAP3,1.1589370290609464,4.120867406213809,5.279804435274755
CARD14,-2.081197585632003,3.0308749514865436,0.9496773658545409
NLRC4,1.554176125519211,3.280689328044536,4.834865453563747
RNASE6,-1.6960030988755381,6.723282855893337,5.027279757017799
LIPG,-0.9475982050098808,3.0657519317016764,2.1181537266917956
ADAP2,-0.4808946035370587,6.875484338073793,6.394589734536734
IL1B,3.4541749489697446,7.288938633955362,10.743113582925107
CC2D2B,-2.445337441510422,2.752837911931542,0.3075004704211199
CABP4,0.10312026440170952,2.372294530445986,2.4754147948476954
DISP1,-1.9645777343014346,4.561323162747661,2.596745428446227
WNT5A,-2.360416703583489,4.650248530845271,2.289831827261782
TRPM2-AS,-1.400123739498782,3.941797809949772,2.54167407045099
TYMP,1.1436782290954728,6.177317235577994,7.320995464673467
ZBTB37,-1.5191502981893534,2.7418544976882675,1.222704199498914
LOC102724360,-1.2970727333234997,3.4911138522026044,2.1940411188791047
TNFRSF1B,0.699572966405257,7.436426519799775,8.135999486205032
IRF8,-1.1444785904647663,7.421315438316937,6.276836847852171
PTPN6,0.13872152774912028,6.9099287253105075,7.048650253059628
CYP2S1,1.6590072942423757,2.7763385691054254,4.435345863347801
LAT2,-0.9164428515911425,7.404620534447094,6.488177682855952
ARHGAP9,-0.14211178575533445,6.014110038370666,5.871998252615332
OSCAR,0.5460120561647903,4.686228822439726,5.232240878604516
KCNE3,0.08360507089158631,4.258238117821638,4.3418431887132245
CX3CR1,-8.123025972166413,9.59447501927932,1.4714490471129074
FAM105A,-2.8989067246764333,5.516694457295404,2.617787732618971
TBX19,-1.5785859417333648,2.6076399349968624,1.0290539932634977
RPL23AP64,-1.6659790417372506,4.24656409017492,2.5805850484376696
ST14,1.5884283922446207,3.0083964252122146,4.596824817456835
LOC105371414,-1.4885111913821203,3.5494599521477004,2.06094876076558
SP100,-0.7781807056519829,5.965813979402935,5.187633273750952
LILRA4,-2.928490273700856,4.563605396256439,1.6351151225555836
TIFA,-0.20495196056341713,3.2260529489843055,3.0211009884208884
SFMBT2,-3.2925548017927517,6.695932687842556,3.4033778860498045
KCNQ1,-1.1464999108530565,5.524503730375803,4.378003819522746
PSORS1C3,-1.8378628280439562,2.1432276356900757,0.30536480764611945
CYTL1,-4.339857140914818,4.738525764734027,0.398668623819209
LINC01141,-2.7195587804694537,4.497128346212989,1.7775695657435355
GALNT4,-0.508985623820644,3.5527425901865683,3.0437569663659243
TMEM119,-0.9534472939965646,8.187426815764617,7.2339795217680525
ZNF600,-0.7737058403091635,2.3859857647765694,1.612279924467406
C19orf38,-1.0122473357414257,4.889177404896145,3.8769300691547195
ATP7A,-0.8924132200636925,3.6928906411587583,2.800477421095066
IL2RG,-0.8167351502668976,3.5232402378953385,2.706505087628441
LINC00921,-1.510511619892012,2.4513715584157567,0.9408599385237447
LRRC37A6P,-2.6282261477611453,3.856404541826249,1.228178394065104
GSN-AS1,-1.526144391587826,4.256794742589392,2.730650351001566
IL4I1,2.1409128166943185,3.220445546974977,5.361358363669296
RTTN,-3.1765531400251916,4.626012789658518,1.449459649633327
CARD6,0.8258754377405966,3.3604998104342165,4.186375248174813
NCF1C,1.783343001525815,2.3863797818039427,4.169722783329758
GLUD1P3,-0.41784127166004836,3.428180944199062,3.0103396725390135
ITPRIPL1,-1.0387694420314315,2.4300138351491163,1.3912443931176848
LINC00865,-1.9799291267123107,3.917941626186933,1.9380124994746222
LOC101927051,-0.14202871563040453,4.699291623462442,4.557262907832038
DOK3,-0.4740476867477028,5.595784626721053,5.12173693997335
ALOX5AP,0.07124912736666111,8.131581797219246,8.202830924585907
RREB1,-0.9581980390808424,4.652531684306335,3.6943336452254925
DEF6,-1.7012631893895476,6.32640000814817,4.625136818758622
HFE,-0.7182487148880994,3.4944001260486917,2.7761514111605923
NLRP1,-4.941364317367284,5.810266821302094,0.8689025039348103
SERPINB9,-2.721941271250424,7.44431750899522,4.722376237744796
MAP4K1,-3.5491351248868455,4.402297188460679,0.8531620635738334
EDA2R,-1.497994741533432,1.9454513245126293,0.4474565829791972
NCK1-AS1,-2.133674584080212,4.461087078349343,2.327412494269131
SLC16A3,0.8202749423594922,7.271751028436477,8.09202597079597
GAL3ST4,-3.8256691253712254,7.517696613034423,3.6920274876631978
IGF2BP3,-0.5814183629288969,1.937157922945624,1.355739560016727
KYNU,3.0126241700972187,2.5278608183677536,5.540484988464972
FLJ32255,-1.2640275851726959,2.816345465616141,1.552317880443445
DPYS,-2.336483117486969,2.4360033466706486,0.09952022918367949
CASP1,-0.5418786622793537,5.448198111933093,4.906319449653739
ABI3,-0.9862275880337155,6.201914926505105,5.2156873384713895
C5AR1,1.9909534223617609,6.476464267330115,8.467417689691876
LYZ,0.9232888195249576,5.225052181588654,6.148341001113612
CCL20,5.180909797251152,2.1351519522282687,7.31606174947942
PUS10,-1.441483161676669,3.150943656253233,1.709460494576564
OXER1,-3.3743439839107627,3.8054823550677472,0.4311383711569845
TREM2,-3.4624191120716192,8.443329937275694,4.980910825204075
SAMD9L,-2.01786275923327,4.724387370179154,2.706524610945884
CFLAR-AS1,-0.42711872998705536,3.4790600210402647,3.0519412910532093
IRAK2,0.8308732064090529,4.862361903605165,5.693235110014218
RCN3,-1.8863480952136236,6.278387459330374,4.3920393641167506
FOLR2,-4.780994191520115,7.492509925422062,2.711515733901947
DTX2P1-UPK3BP1-PMS2P11,-0.8388795865152325,2.237947476594845,1.3990678900796125
WNT2B,-1.823619629280605,3.7382221073247788,1.9146024780441737
HCLS1,-1.2403900542314759,7.866227233986389,6.625837179754913
HLA-DMA,-4.070781688365232,7.522932757060551,3.45215106869532
HTR2B,3.3379109658548325,1.972754970026407,5.310665935881239
STX11,-0.3916393383943424,2.620993441044226,2.2293541026498835
HPGDS,-2.1250102000415785,5.129804734110972,3.0047945340693936
PPP1R3B,-0.16790007747966396,3.0976092971227795,2.9297092196431156
LOC100131626,-0.8077642316147648,3.2738023768810165,2.4660381452662516
SPP1,3.2095768609751403,11.695020789334594,14.904597650309734
MYOF,0.8907641974872664,4.6558485999008274,5.546612797388094
DDI2,-0.7112870534313438,3.609300603178428,2.898013549747084
B4GALT1,-0.6825293889009991,6.545263849531854,5.862734460630855
LOC101928126,-0.05458073122216822,2.0199992203204675,1.9654184890982993
FERMT3,1.2578322107585294,6.370591687509697,7.628423898268227
LILRA6,3.4634880908023558,1.8119194199193334,5.275407510721689
IER3,0.3120258293698903,8.462044044632735,8.774069874002626
LOC101928020,-1.4027234591309492,2.5119373842782906,1.1092139251473414
LTB4R2,-1.2836310487783285,3.248470695287222,1.9648396465088938
PDE3B,-0.7029998499345202,5.05749365485984,4.35449380492532
ST6GAL1,-3.197956885098474,8.843137152974148,5.6451802678756735
ZNF141,-1.3938671734200558,2.7940529552205997,1.4001857818005439
TMIGD3,0.620181847341617,7.683998958281777,8.304180805623394
TMEM52B,-1.9474055469977172,4.594190314148528,2.6467847671508107
PLAC8,-2.272475334857871,2.463187940292251,0.1907126054343806
ZNF888,-0.9351671452518027,2.5648882019396173,1.6297210566878146
CD58,-0.1528325909545023,4.841523568491678,4.688690977537176
LY96,0.429962302643232,4.746010273156984,5.175972575800216
DUSP27,-1.7789935327791835,2.1839272731070203,0.40493374032783674
ITPRIPL2,-1.2310945678794543,5.726949878660691,4.495855310781237
FUT4,-1.7900778564442192,3.58009080286951,1.790012946425291
ENTPD1-AS1,-1.7645590997810636,2.3963579751614,0.6317988753803364
MX2,-1.36919633506878,4.174269052455221,2.8050727173864414
CLCN5,-0.6807890590340984,3.6635443527366056,2.9827552937025072
PAG1,-1.366349395711616,5.7486022021003516,4.382252806388736
SFXN2,-1.4923982945693113,4.502991964673394,3.010593670104083
MERTK,-2.272710636781561,7.815114216084251,5.5424035793026905
LOC102724050,0.14035109186407224,2.668199013463527,2.8085501053275994
SPNS3,-4.62697255525993,4.752402683038947,0.12543012777901716
LRMP,-4.123349909374698,5.7445690943511005,1.6212191849764024
HIST1H2AE,-2.893406427526784,3.1361830259366474,0.24277659840986343
IFI16,-0.7765122309834265,6.977113442663822,6.200601211680396
TTF2,-1.3648313294287195,3.107601050999911,1.7427697215711913
APOBEC3G,-1.5647333209622336,4.094315879199424,2.5295825582371907
ARHGAP27,-2.5105762569127883,7.055858281146609,4.5452820242338206
KCNMB1,-1.5767946373131365,4.41343240339076,2.8366377660776236
LOC102724265,-1.4346933729370126,3.717917118396384,2.2832237454593716
HIST1H2AD,-1.934809024812084,2.126408713476379,0.1915996886642951
TNFAIP3,-0.23361545673197615,5.3912311528140195,5.157615696082043
TNFRSF10D,-1.2235033525773114,4.633444812784632,3.409941460207321
P2RY12,-7.851391063523054,9.750373746693448,1.8989826831703944
CARD8-AS1,-0.023903830595938036,2.9652968423608184,2.9413930117648803
GNGT2,-0.2596277423377318,3.2323031573204664,2.9726754149827346
IFNGR1,-2.810372574487742,9.290888135174574,6.4805155606868325
KBTBD8,-1.126739194817259,3.305304244788162,2.1785650499709033
HK3,2.2004306305510593,3.1595595366224014,5.359990167173461
SOWAHD,-0.3864332462375124,3.155075049674951,2.7686418034374385
LCP1,2.2023718987762617,7.134795684606171,9.337167583382433
POC1B-GALNT4,-0.5080836894665768,3.535187255255865,3.027103565789288
INPP5D,-2.4715084036206862,7.584706723993147,5.113198320372461
ODF3B,-0.9116781323733947,4.585182819118358,3.673504686744963
ZFHX3,-1.6958779073477603,5.470467026160776,3.7745891188130156
HLA-DQA1,-4.49822924568754,5.04469624232432,0.5464669966367802
NFKBID,-2.6045455647515188,6.4338172508206215,3.8292716860691027
SUMO4,-1.5950362514544052,2.5445164899456802,0.949480238491275
HIST1H4E,-3.1049622810001445,3.4255235000786857,0.3205612190785411
FYB,-2.397473075616843,7.177531541176268,4.780058465559425
C10orf128,-2.5453309655828504,5.311778224668992,2.7664472590861418
PLAU,-0.5467315658353269,4.372963691266047,3.8262321254307197
IL17RA,-1.3559248319954555,6.337954465490635,4.98202963349518
APBB1IP,-2.395561915087675,8.019768313345066,5.6242063982573915
MYC,-1.7785387448667231,5.0816106919164925,3.3030719470497694
GIMAP8,-2.7438160766420996,5.2980340865348765,2.554218009892777
CD1D,-1.8039360276657035,2.1891555386667245,0.3852195110010211
PCED1B,-4.524326326706957,5.220200339409478,0.695874012702521
CASP8,-1.027742433994359,4.347862807518103,3.320120373523744
TGFBR2,-1.61472856720754,7.187072692912918,5.572344125705378
POMK,-1.355027761577957,3.5511623344488403,2.1961345728708834
SUSD6,-1.8683289715589648,7.1352999155219345,5.26697094396297
IL15RA,-2.265220118726725,3.253504341857598,0.9882842231308729
MR1,-0.48250117448786956,3.7346246324054255,3.252123457917556
LRRK1,-2.606438939374178,5.590694515514404,2.984255576140226
TMEM86A,-1.71372568820499,5.3923953450881505,3.6786696568831605
HACD4,-1.6652786908734671,4.064361043234283,2.3990823523608156
MLKL,-1.5250442048536232,4.268071197702374,2.743026992848751
PLK3,-2.1130202561596585,6.290965959140593,4.177945702980934
RUBCNL,-1.9399421505975458,5.225511977085775,3.285569826488229
CD83,-1.4175335462668972,7.645785761577087,6.22825221531019
HLA-DRB6,-5.079303274344715,6.487999779148037,1.4086965048033218
IL13RA1,-1.0176215187022128,7.585081881310859,6.567460362608646
ELF1,-0.7471793322268869,6.209292430794908,5.462113098568021
ZNF460,-1.7335670321115162,3.514523432450575,1.7809564003390588
GPR160,-1.1410034589011673,3.4364583673207663,2.295454908419599
UNC93B1,-1.5176625301809672,7.051240184797937,5.53357765461697
JAK2,-1.8898431642387856,5.004951677224512,3.1151085129857266
DPP4,0.002178713212412031,2.0075596777019196,2.0097383909143316
OLFML3,-2.8503024691962624,7.969903020796537,5.119600551600275
LYL1,-1.6960460634843155,6.156696237437676,4.46065017395336
HLA-DPA1,-4.894595163445901,8.490552621264674,3.5959574578187734
MRC2,-2.011985650870912,6.2254690746565755,4.2134834237856635
ANG,0.3557557604565931,2.621351669270744,2.977107429727337
FKBP5,-1.8376436653859276,6.3189643335650345,4.481320668179107
CD68,1.0252642163800463,8.767891105554394,9.79315532193444
ACRBP,-1.6824542626756978,3.022409919443742,1.3399556567680444
TLDC2,0.18188349934482062,4.950156581955355,5.132040081300175
ERAP2,-1.7910870555265632,3.5920236025237062,1.800936546997143
GIMAP2,-1.5746203630717148,4.999850323579259,3.425229960507544
GMIP,-1.3233050276754916,6.537816688903818,5.214511661228326
UBR5-AS1,-1.9853366545507611,3.51590031343043,1.5305636588796687
DENND3,-3.2524990057008347,7.472460114787375,4.21996110908654
CD4,-2.3589959768770674,8.13980964746691,5.7808136705898425
APOBEC3F,-1.7185524671603774,2.505206698695718,0.7866542315353408
HAMP,-4.442024836198967,5.582231716855465,1.140206880656498
ATM,-1.734831634266845,6.010360863991445,4.2755292297246
LIPC,-1.9141526916255933,2.5134948219463595,0.5993421303207662
TMIGD2,-2.7387797348767995,4.796284660144886,2.057504925268087
FBP1,-2.452224454778903,3.883967662428726,1.4317432076498227
SLC9A7P1,1.7405047609639892,2.346349168532928,4.086853929496917
HLX,-0.15901830046033405,3.9854798373203906,3.8264615368600565
SLC17A9,-1.4371915888656477,4.550258300828544,3.113066711962896
ANKRD44,-2.497537253687251,5.8862691790324275,3.3887319253451764
GBGT1,-0.2587776201017684,5.208095098836912,4.949317478735144
LINC00539,-1.727279246208465,2.746907176534291,1.019627930325826
A2M,-4.3955596335263225,10.355965812156365,5.960406178630042
ZNF660,-1.687734755922608,2.328233178956942,0.6404984230343344
DENND1C,-1.1312289140043656,5.467667211981518,4.3364382979771525
TAS2R5,-1.4255243133298747,2.5879996078358816,1.1624752945060068
SUSD3,-2.755680853795312,6.098046670566334,3.342365816771022
PYCARD-AS1,-1.2038737317587733,3.7621407734380594,2.558267041679286
PDCD6IPP2,-1.1508517946920254,2.0425264713218527,0.8916746766298272
NCMAP,-2.029255127422114,2.152262881826035,0.12300775440392155
ZC3H12A,2.0900663723838036,3.3561177349464466,5.44618410733025
PALD1,-4.768609395842265,8.171133437144727,3.402524041302461
APOBEC3C,-0.12202691334472071,4.470727670456256,4.348700757111535
MMP14,2.545742637779977,6.030314228165121,8.576056865945098
DLEC1,-2.2008854992661684,2.355257630016551,0.15437213075038225
DAB2,0.06810245750303068,6.260193709802273,6.328296167305304
PROX2,-2.010139852422956,2.3727413004605564,0.3626014480376007
TCIRG1,-0.0014707691086890406,7.283616080727483,7.282145311618794
IFI30,2.872031044191049,7.213994879412514,10.086025923603563
C1QC,-1.0926114082696543,10.636135837764414,9.54352442949476
MGAT4A,-1.6585946856727745,6.338059743538905,4.679465057866131
ZMYND15,-2.068062386069354,5.08160351231226,3.0135411262429055
REEP4,-2.2920949172003704,6.373913479274201,4.08181856207383
LOC100130298,-2.4203492825460593,2.675948274717747,0.2555989921716881
EPSTI1,-1.378977340560572,4.130110764025293,2.751133423464721
FHOD1,-1.8034853084983844,6.184813561659767,4.381328253161382
N4BP2L2-IT2,-1.7339875580858206,2.4054985311609203,0.6715109730750998
DZIP1L,-1.639474491157436,2.3542436547440038,0.714769163586568
ZNF816,-1.039436500821344,2.590628828389131,1.5511923275677872
UBA7,-4.219870197737064,7.375108022870169,3.1552378251331046
DPEP2,-3.6665823126352537,4.341294326992347,0.6747120143570938
IL16,-2.345474487671923,4.823024032781452,2.4775495451095293
SIRPB1,-0.08116885142419372,3.2639827704972006,3.182813919073007
HCG4B,-0.9217300872448326,2.254134358947632,1.3324042717027995
LINC01094,-1.5438884903623937,4.847045863499221,3.3031573731368273
LOC100130357,-1.5847420093250302,3.0946897381065184,1.5099477287814882
MYO1G,2.9013548606860113,2.457668704475663,5.359023565161674
RGL3,-2.3342869516104723,5.387005459977832,3.05271850836736
LOC283922,-1.1148951528730884,2.459571035772307,1.3446758828992185
PGM5P2,-2.0460509488589538,2.5704470689376664,0.5243961200787127
VNN2,3.411439823820071,2.3552506783798584,5.766690502199929
LAPTM5,-0.01737884158423242,10.216127158588607,10.198748317004375
TNFSF13B,-1.5392435792197958,3.3696075934831065,1.8303640142633106
CCDC18,-0.8272901846956726,2.213818956192487,1.3865287714968142
TMEM173,-2.826164789014456,6.98157248006833,4.155407691053874
KCTD12,-0.8926688620152756,8.349712783354958,7.457043921339682
IKBKE,1.088697233490588,3.713711929829587,4.802409163320175
RPS6KA1,-0.718230110776032,6.676402617676408,5.958172506900376
LOC648987,-1.4585773135027684,2.5828051850622185,1.12422787155945
SLC4A7,-0.743367504849707,5.831613330856224,5.088245826006517
CXCL8,5.545937083454002,5.653177876911417,11.199114960365419
ABCA1,-0.3504469836365427,4.823689462828404,4.473242479191861
SSH2,-2.2948430669877893,5.942157250048655,3.6473141830608653
FAM46A,-1.5609971701418186,3.1893397972185027,1.628342627076684
P3H2,-3.873240849977744,4.597968571262608,0.7247277212848635
IGSF10,-3.6480138125346677,3.939199450924098,0.2911856383894304
CEP135,-0.08299320704773061,2.5603529049563774,2.4773596979086467
LOC102723809,-0.8181263354235442,2.6870268876332104,1.8689005522096662
C1QB,-0.8166015144246916,10.530409190307218,9.713807675882526
N4BP2,-0.9979750443148558,2.79125942733956,1.793284383024704
AGAP5,-1.7026584284880526,2.4811759310611943,0.7785175025731418
PLEKHM1P1,-2.01015381253593,4.315009969536148,2.304856157000218
BISPR,-0.8759009488796305,3.3436983300882677,2.467797381208637
ARHGAP15,-2.075627348812027,4.0182404805878535,1.9426131317758266
CFAP74,-2.6635046308514614,2.6792251102048987,0.015720479353437178
ARHGAP4,-2.213398350798734,7.412317959263089,5.198919608464355
LOC101926963,-0.8475108776475171,2.8634702967511303,2.015959419103613
OAS1,-1.392161124464928,5.594309630675085,4.202148506210157
SPTY2D1-AS1,0.1841254037043032,2.528653909250066,2.7127793129543694
CCDC88B,-2.77773416677665,5.88037072854495,3.1026365617683
LYVE1,-4.839762508611667,5.640452056263267,0.8006895476515995
MKNK1,-2.5239673610876983,8.253239442940275,5.729272081852577
LOC400043,-1.765530970398058,4.8742018557559925,3.1086708853579346
CECR1,-1.586427347469538,7.021357499999236,5.434930152529698
B4GALT4-AS1,-1.065671155982472,2.2961294015642153,1.2304582455817432
TNFRSF12A,-0.4215561568598667,4.350769535786306,3.929213378926439
ATP11C,-0.6476876785777241,3.5472531867627324,2.8995655081850082
PTGS2,-2.44917086857798,4.596425036500905,2.1472541679229256
WAS,-0.9802263371048348,6.691860188686896,5.711633851582061
BACH1,-0.2529846089134793,5.257880772987909,5.00489616407443
SGK1,-1.3939000167532969,9.241076296203156,7.847176279449859
STXBP2,0.09423833764043632,6.351328522302165,6.445566859942601
ASGR2,-0.8812480600190931,2.6174019889428894,1.7361539289237964
HSPA1B,-6.179780112771786,8.97700930015882,2.797229187387033
RAPGEF6,-2.6091787954442807,5.302337170067999,2.6931583746237187
FANCD2,-0.8426246504201906,2.4817744554761374,1.6391498050559468
HLX-AS1,-0.3502125065202897,3.099843644463856,2.7496311379435663
STAMBPL1,-3.001946144664565,5.470935185091125,2.4689890404265604
PLD4,-7.91367169389445,8.358769688877576,0.44509799498312613
SKIL,-1.8650222203355833,6.283818188647392,4.418795968311809
LPAR2,-3.7756393620996884,5.927849351126155,2.1522099890264665
KLRA1P,-1.588248759372188,2.233774000842588,0.6455252414704004
BCO2,-3.598469251065555,3.7450364272934,0.1465671762278448
GCNT2,-0.9059506087131779,3.244274076369105,2.3383234676559272
TIMM23B,-1.8471775063313156,3.023209929054151,1.1760324227228354
FOSB,-7.712098892399013,8.168032921559313,0.4559340291603003
NPL,0.3166344829323666,6.140827288079259,6.4574617710116256
LOC100289580,-2.3031038082617448,3.3570705025053322,1.0539666942435877
PLAUR,2.3992887676074117,5.5153933794914565,7.914682147098868
RNF125,-1.358158198132866,3.7401450826663107,2.3819868845334446
CASP4,0.6807549395013908,4.584413107062814,5.265168046564205
RNFT1,-0.6986778428503273,4.808570281540949,4.109892438690622
CYFIP1,-1.4161393059924858,8.976874900730495,7.560735594738009
CASP10,-1.9332308337518294,4.372554127103753,2.439323293351924
SELPLG,-2.5535207093368255,8.880999083146275,6.327478373809449
IER5,-3.476089684079286,7.092158689492288,3.6160690054130016
ADPRH,0.20562814779207494,3.90192180201756,4.107549949809635
LMLN-AS1,-1.0080197890156872,2.5607854865273856,1.5527656975116984
EML4,-0.9461003182501333,5.730766439228238,4.7846661209781045
GLIPR1,-1.5951208422547767,6.272825037832722,4.677704195577945
NHLRC2,-0.8698618548885282,3.486657163155947,2.616795308267419
CD93,1.3266944265227432,4.5547751972273325,5.881469623750076
RNF149,-0.5358175186633778,6.238642093884752,5.702824575221374
PARP14,-0.7162781075483444,5.934233696609927,5.2179555890615825
MAML3,-2.1619230919419303,3.780287499958874,1.6183644080169433
SH2B3,-0.16148515872459868,7.032058160269144,6.870573001544545
RNASET2,-4.8523997268207655,9.659618170414186,4.80721844359342
TMPRSS4-AS1,-1.6609172918683095,1.6609172918683095,0.0
USP53,-1.5265612464197122,5.8090919162797965,4.282530669860084
SLC22A18,-0.5517753318809113,4.584376426086917,4.032601094206005
LMNTD2,-2.11422913053568,3.254515603238147,1.1402864727024673
RNF122,-2.1623999306796704,4.925616811919393,2.7632168812397224
TNFRSF10B,-1.7042863734069824,5.670363282509331,3.9660769091023482
KIAA1551,-0.6392913940854807,5.043158794483529,4.403867400398048
NLRC5,-0.9230046182910021,3.838482282107503,2.915477663816501
CMTM7,-0.8770112583759575,5.670241412282581,4.793230153906624
ADPGK,-1.074338545620666,7.003853623920361,5.929515078299695
MFSD4B,-0.7689375100458617,2.335159803642635,1.5662222935967733
PRDM1,-1.6760416351247795,4.452618148220966,2.776576513096187
ZNF846,-3.1782368038383293,5.097211043989615,1.918974240151286
IL1RAP,-2.9703538904038966,4.850965905091645,1.880612014687748
LOC100128108,-1.70669888817971,2.3764672144213743,0.6697683262416644
CREB3L2,-1.2704873220035946,5.543049909154358,4.272562587150763
C1orf162,1.0113481589281852,5.793017544216171,6.804365703144356
CXCL16,-0.13117717779707672,7.962205009410513,7.8310278316134365
LINC01529,-2.3174969989957823,3.5719780206743508,1.2544810216785682
RYR1,-3.4915802211175313,5.694362242665071,2.2027820215475398
HMOX1,0.018903395557881453,7.573885705406458,7.59278910096434
ZNF100,-1.1788854277882543,3.54259361314732,2.363708185359066
LOC100505549,-0.6008895649683712,2.223283953173273,1.622394388204902
PYGL,0.5578915896072356,5.6637654138574804,6.221657003464716
FGD3,-0.7133874397651621,5.264792883495299,4.551405443730137
CLEC2D,-1.301168326577626,3.629023017112883,2.3278546905352573
CCDC134,0.25332585634204285,2.5389100583768194,2.7922359147188622
CD37,-1.2433303082996572,7.775627353257014,6.532297044957357
ZNF808,-1.0646927397314128,2.7385704289961814,1.6738776892647687
CLEC4A,-1.336667775215286,3.691022740476107,2.354354965260821
HLA-DRB1,-5.226271369622626,8.388567536845644,3.162296167223017
NBPF8,-1.1988215226658314,2.2260977914342925,1.0272762687684611
PLD1,-1.7126646559835104,4.095232528005188,2.382567872021678
EP400NL,-1.716355297856691,3.1780296556700063,1.4616743578133153
ZFP36L2,-3.8594819203750426,8.727932054074545,4.868450133699502
TEP1,-1.2343683202418592,4.741462513404299,3.5070941931624398
SYT6,-2.919343811728412,4.788698263040719,1.8693544513123073
ZCCHC6,-1.1559112266492968,4.688524417906493,3.532613191257196
LOC100129917,-1.0359811526374314,2.3697354641617583,1.3337543115243269
FMO4,-0.9521758823923163,2.3747814678814265,1.4226055854891102
COLGALT1,-0.03204058833453072,7.324628852562856,7.292588264228325
IL4R,-0.9545204226440234,6.041682278944954,5.087161856300931
STARD5,-0.8622259125765517,3.286350455010579,2.4241245424340274
SORL1,-4.708590007418817,8.246135880812513,3.5375458733936966
CEBPA,-2.3559552074631585,6.946709668492829,4.590754461029671
FFAR4,-2.757315772284077,3.219865136565612,0.4625493642815354
BHLHE41,-1.247486858392505,8.554538854518425,7.30705199612592
FAM111A,-1.2585395784288975,5.4377014202904155,4.179161841861518
SP110,-1.3516785256045631,5.303922214485461,3.9522436888808983
SERPINF2,-2.029567490528307,3.6058162308218122,1.576248740293505
CNTRL,-2.001618128581377,4.330517358018777,2.3288992294373996
DHRS9,-5.800052145319416,6.600646684600819,0.800594539281403
ZNF85,-1.657735232299358,2.902737029730545,1.2450017974311869
LRCH3,-0.2046794363410278,3.6677832610323033,3.4631038246912755
KANTR,-0.947433961432637,2.075351126855597,1.12791716542296
FAM212A,-4.071785966418916,5.41202032648057,1.3402343600616542
ITGB7,2.8288393560082015,3.021078038484075,5.849917394492277
ZNF267,0.5202217184884219,4.4403829996058235,4.960604718094245
NAGA,-0.8276444471052251,6.579737644887069,5.752093197781844
BTAF1,-2.2476322919283396,5.747554555064471,3.4999222631361313
JAK3,-2.381101797671182,5.241006601149935,2.8599048034787526
RGS2,-5.904797322418003,7.0237906017375265,1.1189932793195234
TBC1D2B,-1.5736239776152283,4.971060518575173,3.3974365409599443
TMPO-AS1,0.10775387146837989,2.4855211029689097,2.5932749744372896
LOC101928143,-1.2907991557841134,2.2612430264730543,0.9704438706889409
HLA-DQB1,-3.5588481101340186,6.126129016942286,2.567280906808268
SPI1,0.2598510492017567,7.940719816764577,8.200570865966334
RNF213,-0.7870242789523294,5.673345272931772,4.886320993979442
ASXL2,0.041856311849993943,3.778208380762075,3.820064692612069
SPPL2A,0.734758479511096,5.1057491119520755,5.840507591463171
ITIH4-AS1,-3.3739563084444577,3.4750069135155406,0.10105060507108281
MAF,-3.2788297269172118,7.30831881158669,4.029489084669478
C1QA,-2.277718681520647,9.93948815000668,7.661769468486033
HLA-DRA,-6.851956461627012,9.821146385588525,2.969189923961513
SLA,0.44180695120738456,6.62699566115447,7.068802612361854
LY86,-2.7634679742621335,7.186482562658991,4.423014588396858
STAT5A,-0.21034106750912152,4.83615219234609,4.625811124836969
CMTM6,0.03231775109932933,6.4570491594880925,6.489366910587422
LOC100506388,-2.2829281550424345,2.5801243959479767,0.29719624090554203
PTPRJ,-0.9701742813376626,6.482884338954595,5.512710057616933
ZBTB26,-1.4640324442467356,2.698662085931543,1.2346296416848073
ZNRF2,-0.1770493669769948,5.146084191760374,4.969034824783379
RASSF10,-2.2380137676138445,2.265935369760143,0.027921602146298515
LTB4R,0.15680064097845747,3.3925477315569927,3.54934837253545
TVP23C,-1.4354240012479953,2.2717955256956475,0.8363715244476522
TLR4,-0.26937602908616665,5.739411891497504,5.470035862411337
ABHD15,-1.607685291075739,4.999438860300338,3.391753569224599
MSH5,-2.467865561911332,4.748626389636731,2.280760827725399
LRCH1,-1.3637053155535588,4.883880526576614,3.520175211023055
ANXA2R,-2.580757334893726,2.819117002307497,0.23835966741377135
SPATA13,-2.397807859106135,6.758931780831851,4.361123921725716
TSSK4,-1.8309494519085119,2.913251216517329,1.0823017646088173
FMNL3,-2.8521613481325847,6.906070359963707,4.053909011831123
APOC2,-1.6582302374579045,8.01837708754442,6.360146850086516
