peak_id,chrom,start,end,nearest_gene,dist_to_tss_signed,gene_tags,n_cohorts,n_patients,consistency,strength,selectivity,composite_score,posterior_mean,posterior_ci_lo,posterior_ci_hi,pass2_was_run,final_score
chr19:44903544-44904043,chr19,44903544,44904043,APOE,-2002,Neftel AC-like,6,39,0.8953488372093024,0.27387157,2.9276552,0.5851286643000096,0.36418700730331777,0.3596253300367993,0.3693425366110542,True,0.36418700730331777
chr14:101947869-101948368,chr14,101947869,101948368,DYNC1H1,-16454,,6,39,0.8953488372093024,0.4218556,0.8942704,0.46289388890876326,,,,False,0.46289388890876326
chr19:42075685-42076184,chr19,42075685,42076184,ZNF574,7458,,6,40,0.896551724137931,0.4513156,0.85710806,0.4720326234554422,,,,False,0.4720326234554422
chr2:219388145-219388644,chr2,219388145,219388644,DNPEP,-11613,,6,38,0.9058823529411765,0.43916175,0.8488765,0.47071911552373097,,,,False,0.47071911552373097
chr17:77140417-77140916,chr17,77140417,77140916,MIR6516,51250,,5,38,0.9058823529411765,0.45614448,0.8696402,0.45706394174519704,,,,False,0.45706394174519704
chr19:680285-680784,chr19,680285,680784,FSTL3,4143,,5,38,0.8941176470588236,0.45926735,0.8676701,0.4550596161800272,,,,False,0.4550596161800272
chr19:2950572-2951071,chr19,2950572,2951071,ZNF77,5850,,6,43,0.8555555555555555,0.40638357,0.87777513,0.448303968542152,,,,False,0.448303968542152
chr7:76379811-76380310,chr7,76379811,76380310,ZP3,-17461,,6,40,0.8850574712643678,0.4362353,0.84565926,0.4646349633904709,,,,False,0.4646349633904709
chr2:70142641-70143140,chr2,70142641,70143140,LINC01816,17574,,4,35,0.926829268292683,0.46894288,0.8756222,0.44739019318324763,,,,False,0.44739019318324763
chr19:48493213-48493712,chr19,48493213,48493712,LMTK3,-19727,,4,40,0.7586206896551724,0.3432284,1.0002928,0.41765547714703627,0.38986681551684543,0.38537275009387034,0.39493665986739623,True,0.38986681551684543
chr22:46035477-46035976,chr22,46035477,46035976,LINC00899,-9142,,4,38,0.8705882352941177,0.47244152,0.8935314,0.4343795280246174,,,,False,0.4343795280246174
chr16:53130643-53131142,chr16,53130643,53131142,CHD9,75902,,5,37,0.9047619047619048,0.42442983,0.8675335,0.4472694382781074,,,,False,0.4472694382781074
chr19:48714041-48714540,chr19,48714041,48714540,MAMSTR,-5435,,5,40,0.8735632183908046,0.44526133,0.8695191,0.44571920938190374,,,,False,0.44571920938190374
chr2:64750775-64751274,chr2,64750775,64751274,SERTAD2,97111,,4,37,0.9166666666666666,0.5059399,0.8489147,0.4559486428896586,,,,False,0.4559486428896586
chr17:8156264-8156763,chr17,8156264,8156763,PER1,4109,,5,37,0.9047619047619048,0.44541907,0.8519915,0.4535662070626304,,,,False,0.4535662070626304
chr1:161389997-161390496,chr1,161389997,161390496,CFAP126,22370,,6,41,0.875,0.40171483,0.85531574,0.45176445245742797,,,,False,0.45176445245742797
chr19:14518447-14518946,chr19,14518447,14518946,DNAJB1,-10626,,4,38,0.8823529411764706,0.4542676,0.8924642,0.4318685186259887,,,,False,0.4318685186259887
chr8:28622460-28622959,chr8,28622460,28622959,EXTL3-AS1,-78755,,5,38,0.8823529411764706,0.4543219,0.85406095,0.45063480559517355,,,,False,0.45063480559517355
chr19:4328140-4328639,chr19,4328140,4328639,STAP2,-10438,,6,40,0.8505747126436781,0.39901152,0.86343545,0.44484714237095296,,,,False,0.44484714237095296
chr6:24721148-24721647,chr6,24721148,24721647,C6orf62,2243,,5,37,0.9166666666666666,0.42116526,0.85184896,0.4492662499348322,,,,False,0.4492662499348322
chr14:75258921-75259420,chr14,75258921,75259420,FOS,-19657,,5,40,0.8620689655172413,0.3900889,0.88921785,0.42629391314654513,,,,False,0.42629391314654513
chr19:1252161-1252660,chr19,1252161,1252660,MIDN,3858,,5,35,0.8658536585365854,0.38608032,0.8732067,0.426037517989554,,,,False,0.426037517989554
chr6:53547882-53548381,chr6,53547882,53548381,GCLC,3030,,6,41,0.8068181818181818,0.3320437,0.89449865,0.41381766064600506,,,,False,0.41381766064600506
chr19:45717223-45717722,chr19,45717223,45717722,FBXO46,-15705,,5,40,0.8390804597701149,0.38573596,0.88251925,0.4192409085473795,,,,False,0.4192409085473795
chr3:38024934-38025433,chr3,38024934,38025433,PLCD1,-4459,,4,37,0.8809523809523809,0.42222226,0.87602216,0.4219047752164659,,,,False,0.4219047752164659
chr16:31142229-31142728,chr16,31142229,31142728,PRSS8,6751,,5,41,0.8409090909090909,0.39401296,0.8721558,0.42218116603114386,,,,False,0.42218116603114386
chr19:47600313-47600812,chr19,47600313,47600812,BICRA,-7633,,6,41,0.8181818181818182,0.36890802,0.86067873,0.4277178613976999,,,,False,0.4277178613976999
chr19:42283632-42284131,chr19,42283632,42284131,CIC,15352,glioma driver,4,36,0.891566265060241,0.4432234,0.85173863,0.43085859130664045,,,,False,0.43085859130664045
chr19:33176669-33177168,chr19,33176669,33177168,LRP3,-17411,,5,37,0.8809523809523809,0.42387274,0.831532,0.44114992590177626,,,,False,0.44114992590177626
chr9:94165857-94166356,chr9,94165857,94166356,MIRLET7A1,-9850,,5,41,0.8522727272727273,0.42399028,0.8446698,0.4340152686292475,,,,False,0.4340152686292475
chr19:49869515-49870014,chr19,49869515,49870014,PNKP,2188,,5,36,0.9036144578313253,0.4113691,0.8268925,0.44306434601186273,,,,False,0.44306434601186273
chr1:147599554-147600053,chr1,147599554,147600053,BCL9,58303,,6,37,0.8928571428571429,0.422934,0.7911957,0.462594484431403,,,,False,0.462594484431403
chr19:7197904-7198403,chr19,7197904,7198403,INSR,-96261,,6,43,0.8111111111111111,0.35529563,0.86631423,0.42186646925078497,,,,False,0.42186646925078497
chr2:42809693-42810192,chr2,42809693,42810192,HAAO,17359,,5,36,0.891566265060241,0.38971883,0.8427949,0.4335572169308203,,,,False,0.4335572169308203
chr10:1048680-1049179,chr10,1048680,1049179,WDR37,-7455,,6,39,0.813953488372093,0.33138356,0.87629384,0.4154034434016361,,,,False,0.4154034434016361
chr11:71786566-71787065,chr11,71786566,71787065,ALG1L9P,-27044,,5,40,0.8390804597701149,0.36701706,0.87978756,0.4136252345881243,,,,False,0.4136252345881243
chr14:90383199-90383698,chr14,90383199,90383698,CALM1,-13053,,4,36,0.891566265060241,0.4049193,0.8673114,0.4193673596863287,,,,False,0.4193673596863287
chr9:6681455-6681954,chr9,6681455,6681954,GLDC,35975,,5,43,0.8333333333333334,0.39714956,0.86148286,0.4212282051642736,,,,False,0.4212282051642736
chr10:6202599-6203098,chr10,6202599,6203098,MIR3155B,50586,,5,36,0.8072289156626506,0.3167064,0.92616796,0.39056914865252484,,,,False,0.39056914865252484
chr17:39952938-39953437,chr17,39952938,39953437,GSDMA,-9816,,4,40,0.7931034482758621,0.38021955,0.9330366,0.3873417327116276,,,,False,0.3873417327116276
chr14:102086751-102087250,chr14,102086751,102087250,WDR20,-52422,,4,35,0.8902439024390244,0.38823974,0.8720989,0.41403289949748573,,,,False,0.41403289949748573
chr9:127224687-127225186,chr9,127224687,127225186,GARNL3,-38725,,5,39,0.8604651162790697,0.37861076,0.85465056,0.42244950855194136,,,,False,0.42244950855194136
chr10:43455290-43455789,chr10,43455290,43455789,ZNF487,18692,,4,42,0.6966292134831461,0.32148242,0.9737562,0.3956020368116625,0.3705881175545481,0.3659593649208158,0.375052719047805,True,0.3705881175545481
chr19:5686968-5687467,chr19,5686968,5687467,RPL36,-3077,,4,43,0.6777777777777778,0.29142,1.0090668,0.3828504327295492,0.35690286469534416,0.35224813567332397,0.3614628213013386,True,0.35690286469534416
chr8:140464137-140464636,chr8,140464137,140464636,TRAPPC9,5807,,6,39,0.8604651162790697,0.37335336,0.8186572,0.43962229514537854,,,,False,0.43962229514537854
chr20:62794180-62794679,chr20,62794180,62794679,MRGBP,-2043,,4,35,0.8780487804878049,0.40868303,0.8603963,0.4171171091315223,,,,False,0.4171171091315223
chr3:43621791-43622290,chr3,43621791,43622290,ABHD5,-68829,,5,40,0.8505747126436781,0.40793052,0.8355135,0.42877283957840384,,,,False,0.42877283957840384
chr2:127407867-127408366,chr2,127407867,127408366,PROC,-10310,,5,40,0.8045977011494253,0.3152339,0.91903985,0.3894695926500463,,,,False,0.3894695926500463
chr3:50235916-50236415,chr3,50235916,50236415,MIR5787,8730,,4,36,0.8795180722891566,0.4232506,0.8484228,0.421854696790856,,,,False,0.421854696790856
chr11:71787066-71787565,chr11,71787066,71787565,ALG1L9P,-26544,,5,40,0.8275862068965517,0.35015962,0.88216674,0.40569444077795946,,,,False,0.40569444077795946
