peak_id,chrom,cnv_region_flags,in_canonical_cnv_region,action
chr11:17405115-17405614,chr11,,False,ok
chr3:185216514-185217013,chr3,,False,ok
chr5:38783310-38783809,chr5,,False,ok
chr5:36569527-36570026,chr5,,False,ok
chr6:158481480-158481979,chr6,,False,ok
chr5:38796426-38796925,chr5,,False,ok
chr5:14157006-14157505,chr5,,False,ok
chr3:132135945-132136444,chr3,,False,ok
chr5:150036471-150036970,chr5,,False,ok
chr14:101001204-101001703,chr14,,False,ok
chr6:25193184-25193683,chr6,,False,ok
chr16:70714761-70715260,chr16,,False,ok
chrX:153381490-153381989,chrX,,False,ok
chr9:84284351-84284850,chr9,,False,ok
chr1:204057279-204057778,chr1,,False,ok
chr5:136279006-136279505,chr5,,False,ok
chrX:153744307-153744806,chrX,,False,ok
chr18:3622302-3622801,chr18,,False,ok
chr9:21576494-21576993,chr9,chr9p21_CDKN2A_del,True,REVIEW — CN-driven signal possible
chr3:155572164-155572663,chr3,,False,ok
chr9:127130806-127131305,chr9,,False,ok
chr9:18490562-18491061,chr9,,False,ok
chr22:41636385-41636884,chr22,,False,ok
chr6:21538410-21538909,chr6,,False,ok
chr6:4974542-4975041,chr6,,False,ok
chr11:94706189-94706688,chr11,,False,ok
chr20:4226127-4226626,chr20,,False,ok
chr20:46558452-46558951,chr20,,False,ok
chr9:20558627-20559126,chr9,chr9p21_CDKN2A_del,True,REVIEW — CN-driven signal possible
chr18:3624813-3625312,chr18,,False,ok
chr1:100785401-100785900,chr1,,False,ok
chr18:23115541-23116040,chr18,,False,ok
chr5:31663318-31663817,chr5,,False,ok
chr11:35180252-35180751,chr11,,False,ok
chr5:14105773-14106272,chr5,,False,ok
chr5:74543052-74543551,chr5,,False,ok
chr14:68779943-68780442,chr14,,False,ok
chr5:136279524-136280023,chr5,,False,ok
chr12:50247266-50247765,chr12,,False,ok
chr14:61547139-61547638,chr14,,False,ok
chr14:77843090-77843589,chr14,,False,ok
chr5:95720291-95720790,chr5,,False,ok
chr1:205600058-205600557,chr1,,False,ok
chr16:83813811-83814310,chr16,,False,ok
chr13:53191004-53191503,chr13,,False,ok
chr9:88742386-88742885,chr9,,False,ok
chr1:245085415-245085914,chr1,,False,ok
chr1:12040526-12041025,chr1,,False,ok
chr6:14165065-14165564,chr6,,False,ok
chr19:2603301-2603800,chr19,,False,ok
