peak_id,chrom,start,end,nearest_tss_gene,min_dist_tss_signed,min_dist_tss,promoter_proximal_strict
chr11:17405115-17405614,chr11,17405115,17405614,KCNJ11,-16033,16033,False
chr3:185216514-185217013,chr3,185216514,185217013,EIF2S2P2,29678,29678,False
chr5:38783310-38783809,chr5,38783310,38783809,ENSG00000250629,-20,20,True
chr5:36569527-36570026,chr5,36569527,36570026,ENSG00000242292,-18729,18729,False
chr6:158481480-158481979,chr6,158481480,158481979,CACYBPP3,34500,34500,False
chr5:38796426-38796925,chr5,38796426,38796925,ENSG00000250629,13096,13096,False
chr5:14157006-14157505,chr5,14157006,14157505,TRIO,13914,13914,False
chr3:132135945-132136444,chr3,132135945,132136444,PSMC2P1,-39207,39207,False
chr5:150036471-150036970,chr5,150036471,150036970,RPS20P4,-14799,14799,False
chr14:101001204-101001703,chr14,101001204,101001703,ENSG00000222185,2987,2987,False
chr6:25193184-25193683,chr6,25193184,25193683,ENSG00000217805,12075,12075,False
chr16:70714761-70715260,chr16,70714761,70715260,ENSG00000279412,1024,1024,True
chrX:153381490-153381989,chrX,153381490,153381989,PNMA6E,19611,19611,False
chr9:84284351-84284850,chr9,84284351,84284850,SLC28A3-AS1,6382,6382,False
chr1:204057279-204057778,chr1,204057279,204057778,SOX13,-15586,15586,False
chr5:136279006-136279505,chr5,136279006,136279505,TRPC7-AS2,-24501,24501,False
chrX:153744307-153744806,chrX,153744307,153744806,ABCD1,18740,18740,False
chr18:3622302-3622801,chr18,3622302,3622801,DLGAP1-AS2,18580,18580,False
chr9:21576494-21576993,chr9,21576494,21576993,MIR31HG,-16866,16866,False
chr3:155572164-155572663,chr3,155572164,155572663,RPL6P7,-85346,85346,False
chr9:127130806-127131305,chr9,127130806,127131305,ANGPTL2,-8420,8420,False
chr9:18490562-18491061,chr9,18490562,18491061,ADAMTSL1,16579,16579,False
chr22:41636385-41636884,chr22,41636385,41636884,Y_RNA,11556,11556,False
chr6:21538410-21538909,chr6,21538410,21538909,ENSG00000231754,-14814,14814,False
chr6:4974542-4975041,chr6,4974542,4975041,ENSG00000217030,-4280,4280,False
chr11:94706189-94706688,chr11,94706189,94706688,PIWIL4-AS1,33831,33831,False
chr20:4226127-4226626,chr20,4226127,4226626,ADRA1D,22911,22911,False
chr20:46558452-46558951,chr20,46558452,46558951,OCSTAMP,-8047,8047,False
chr9:20558627-20559126,chr9,20558627,20559126,RPL7AP48,26325,26325,False
chr18:3624813-3625312,chr18,3624813,3625312,DLGAP1-AS2,21091,21091,False
chr1:100785401-100785900,chr1,100785401,100785900,VCAM1,65887,65887,False
chr18:23115541-23116040,chr18,23115541,23116040,CABLES1,-18773,18773,False
chr5:31663318-31663817,chr5,31663318,31663817,ENSG00000248624,6350,6350,False
chr11:35180252-35180751,chr11,35180252,35180751,ENSG00000251194,-32048,32048,False
chr5:14105773-14106272,chr5,14105773,14106272,TRIO,-37319,37319,False
chr5:74543052-74543551,chr5,74543052,74543551,LINC01331,-6325,6325,False
chr14:68779943-68780442,chr14,68779943,68780442,ENSG00000289583,26,26,True
chr5:136279524-136280023,chr5,136279524,136280023,TRPC7-AS2,-23983,23983,False
chr12:50247266-50247765,chr12,50247266,50247765,RNU6-1093P,8829,8829,False
chr14:61547139-61547638,chr14,61547139,61547638,ENSG00000258926,-2161,2161,False
chr14:77843090-77843589,chr14,77843090,77843589,Y_RNA,-22197,22197,False
chr5:95720291-95720790,chr5,95720291,95720790,RHOBTB3,-10605,10605,False
chr1:205600058-205600557,chr1,205600058,205600557,RNU6-418P,5267,5267,False
chr16:83813811-83814310,chr16,83813811,83814310,HSBP1,5873,5873,False
chr13:53191004-53191503,chr13,53191004,53191503,ENSG00000279325,-2413,2413,False
chr9:88742386-88742885,chr9,88742386,88742885,MIR4289,3270,3270,False
chr1:245085415-245085914,chr1,245085415,245085914,ENSG00000223353,38786,38786,False
chr1:12040526-12041025,chr1,12040526,12041025,RN7SL649P,-3761,3761,False
chr6:14165065-14165564,chr6,14165065,14165564,RNU7-133P,8853,8853,False
chr19:2603301-2603800,chr19,2603301,2603800,RN7SL121P,-8259,8259,False
