cohort,patient_id,n_cells,has_tss_col,tss_median,tss_p25,has_frip_col,frip_median,has_frag_col,frag_median
guilhamon,GBM_4218,1442,False,,,False,,True,
guilhamon,GBM_4250,904,False,,,False,,True,
guilhamon,GBM_4275,629,False,,,False,,True,
guilhamon,GBM_4349,843,False,,,False,,True,
mathewson_lupien,Wang_pair_16,2,False,,,False,,True,
mathewson_lupien,Wang_pair_22,986,False,,,False,,True,
mathewson_lupien,Wang_pair_25,127,False,,,False,,True,
mathewson_lupien,Wang_pair_27,8058,False,,,False,,True,
mathewson_lupien,Wang_pair_37,794,False,,,False,,True,
mathewson_lupien,Wang_pair_5,4411,False,,,False,,True,
gbm_tme_atlas_hra004942,P101,688,False,,,False,,True,
gbm_tme_atlas_hra004942,P62,698,False,,,False,,True,
gbm_tme_atlas_hra004942,P64,660,False,,,False,,True,
gbm_tme_atlas_hra004942,P77,589,False,,,False,,True,
gbm_tme_atlas_hra004942,P78,544,False,,,False,,True,
gbm_tme_atlas_hra004942,P79,759,False,,,False,,True,
gbm_tme_atlas_hra004942,P80,761,False,,,False,,True,
gbm_tme_atlas_hra004942,P83,637,False,,,False,,True,
gbm_tme_atlas_hra004942,P84,761,False,,,False,,True,
gbm_tme_atlas_hra004942,P92,158,False,,,False,,True,
gbm_tme_atlas_hra004942,P98,480,False,,,False,,True,
gse165037,GBM12,70,False,,,False,,True,
gse165037,GBM4,3249,False,,,False,,True,
gse165037,GBM9,8,False,,,False,,True,
gse138794_guo,SF11215,766,False,,,False,,True,
gse138794_guo,SF11956,3628,False,,,False,,True,
gse138794_guo,SF11979,2220,False,,,False,,True,
gbm_space,AT10,86308,False,,,False,,True,21402.0
gbm_space,AT11,52625,False,,,False,,True,24943.0
gbm_space,AT12,47151,False,,,False,,True,20303.0
gbm_space,AT13,121358,False,,,False,,True,14867.0
gbm_space,AT14,34702,False,,,False,,True,12041.0
gbm_space,AT15,192661,False,,,False,,True,14721.0
gbm_space,AT3,77016,False,,,False,,True,14077.0
gbm_space,AT4,85235,False,,,False,,True,16902.0
gbm_space,AT5,74570,False,,,False,,True,24176.0
gbm_space,AT6,93795,False,,,False,,True,18099.0
gbm_space,AT7,46060,False,,,False,,True,20181.0
gbm_space,AT9,130388,False,,,False,,True,16047.0
gse276177_khan_astro,GBM20,119652,False,,,False,,True,
gse276177_khan_astro,GBM25,129846,False,,,False,,True,
gse276177_khan_astro,GBM38,39744,False,,,False,,True,
tcga_scatac,scATAC_GBMx_09C0DCE7_D669_4D28_980D_BF71179116A4_X005_S04_B1_T1,12987,False,,,False,,True,
tcga_scatac,scATAC_GBMx_193F811A_D110_4C59_86B7_FFDAA205844B_X009_S04_B1_T1,5649,False,,,False,,True,
tcga_scatac,scATAC_GBMx_6BEE2CB6_9AFD_42A6_9C26_9C4428FBABFA_X004_S04_B1_T1,6820,False,,,False,,True,
tcga_scatac,scATAC_GBMx_714AA767_CACF_413D_B2FD_FE1882A80C57_X008_S03_B1_T1,64647,False,,,False,,True,
tcga_scatac,scATAC_GBMx_9976F952_23A5_431A_A431_01E544324A26_X010_S05_B1_T1,27453,False,,,False,,True,
tcga_scatac,scATAC_GBMx_99D8A126_072F_4485_8D2D_6981505460C2_X007_S04_B1_T1,14877,False,,,False,,True,
tcga_scatac,scATAC_GBMx_A299027D_1362_4261_95BC_DD25B12F57C2_X011_S04_B1_T1,13697,False,,,False,,True,
tcga_scatac,scATAC_GBMx_A90B18B6_6056_46D1_BF4E_70710236B8DD_X006_S04_B1_T1,6124,False,,,False,,True,
tcga_scatac,scATAC_GBMx_ED12A6C9_D96E_49C4_B882_6382A5FB4538_X003_S05_B1_T1,5431,False,,,False,,True,
